struct_id,atc_code,id
4243,A01AA01,1
4252,A01AA02,2
4311,A01AA03,3
4273,A01AA04,4
3281,A01AB02,5
597,A01AB03,6
197,A01AB04,7
4693,A01AB05,8
4463,A01AB06,9
3290,A01AB07,10
4247,A01AB08,11
1800,A01AB09,12
1885,A01AB10,13
3277,A01AB12,14
2611,A01AB13,15
3019,A01AB14,16
2654,A01AB15,17
4776,A01AB16,18
1790,A01AB17,19
719,A01AB18,20
4777,A01AB19,21
624,A01AB21,22
961,A01AB22,23
1813,A01AB23,24
2725,A01AC01,25
824,A01AC02,26
1388,A01AC03,27
1028,A01AD01,28
3881,A01AD02,29
74,A01AD05,30
96,A01AD06,31
182,A01AD07,32
4925,A01AD08,33
4288,A02AA01,34
4293,A02AA02,35
4595,A02AA03,36
4244,A02AA04,37
4513,A02AA05,38
4250,A02AB01,39
4250,A02AB02,40
4439,A02AB03,41
4522,A02AB04,42
4761,A02AB05,43
4759,A02AB06,44
4763,A02AB07,45
4239,A02AC01,46
4837,A02AC02,47
4926,A02AD02,48
4435,A02AD03,49
4341,A02AD05,50
645,A02BA01,51
2358,A02BA02,52
1129,A02BA03,53
1955,A02BA04,54
4002,A02BA05,55
1537,A02BA08,56
1817,A02BB01,57
1016,A02BB02,58
1990,A02BC01,59
2054,A02BC02,60
1547,A02BC03,61
2350,A02BC04,62
1055,A02BC05,63
4162,A02BC06,64
4867,A02BC07,65
4993,A02BC08,66
493,A02BX01,67
4106,A02BX02,68
2200,A02BX03,69
3354,A02BX04,70
4355,A02BX05,71
2281,A02BX06,72
1281,A02BX07,73
4725,A02BX08,74
62,A02BX09,75
3661,A02BX10,76
2779,A02BX11,77
4841,A02BX12,78
4321,A02BX13,79
2360,A02BX14,80
2026,A03AA01,81
472,A03AA03,82
1642,A03AA04,83
2748,A03AA05,84
2395,A03AA06,85
868,A03AA07,86
883,A03AA08,87
877,A03AA09,88
2190,A03AA30,89
320,A03AB01,90
4302,A03AB02,91
2039,A03AB03,92
2093,A03AB04,93
2293,A03AB05,94
2003,A03AB06,95
1736,A03AB07,96
2737,A03AB08,97
1500,A03AB09,98
1371,A03AB10,99
2226,A03AB11,100
1689,A03AB12,101
3024,A03AB13,102
2185,A03AB14,103
915,A03AB15,104
4327,A03AB16,105
2660,A03AB17,106
2264,A03AB18,107
2667,A03AB19,108
1160,A03AB21,109
4769,A03AC02,110
4675,A03AC04,111
2681,A03AC05,112
2056,A03AD01,113
969,A03AD02,114
1853,A03AD30,115
129,A03AE01,116
1159,A03AX01,117
892,A03AX02,118
3090,A03AX03,119
2174,A03AX04,120
1156,A03AX05,121
4574,A03AX06,122
2321,A03AX07,123
142,A03AX08,124
2719,A03AX09,125
1496,A03AX10,126
514,A03AX11,127
2153,A03AX12,128
2800,A03AX14,129
4737,A03AX30,130
260,A03BA01,131
1402,A03BA03,132
458,A03BB01,133
4660,A03BB02,134
1757,A03BB03,135
1167,A03BB04,136
646,A03BB05,137
1380,A03BB06,138
1782,A03FA01,139
660,A03FA02,140
945,A03FA03,141
406,A03FA04,142
120,A03FA05,143
670,A03FA06,144
1512,A03FA07,145
652,A03FA08,146
1848,A03FA09,147
1992,A04AA01,148
1329,A04AA02,149
2775,A04AA03,150
3931,A04AA04,151
2046,A04AA05,152
2424,A04AD01,153
4403,A04AD02,154
3092,A04AD04,155
1784,A04AD05,156
4109,A04AD10,157
1862,A04AD11,158
230,A04AD12,159
4401,A04AD13,160
5027,A04AD14,161
4361,A05AA01,162
2797,A05AA02,163
3096,A05AA03,164
5155,A05AA04,165
4862,A05AB01,166
2196,A05AX01,167
1401,A05AX02,168
752,A05AX03,169
4358,A05BA01,170
2443,A05BA03,171
665,A05BA04,172
1033,A05BA05,173
4680,A05BA06,174
4735,A05BA07,175
1325,A05BA08,176
941,A06AA02,177
2038,A06AB01,178
375,A06AB02,179
3125,A06AB03,180
2135,A06AB04,181
4779,A06AB08,182
4356,A06AB09,183
4288,A06AD01,184
4293,A06AD02,185
4595,A06AD03,186
4290,A06AD04,187
1536,A06AD11,188
1534,A06AD12,189
4212,A06AD13,190
2085,A06AD14,191
4253,A06AD15,192
935,A06AD16,193
4219,A06AD17,194
2462,A06AD18,195
4281,A06AD19,196
4780,A06AD21,197
4219,A06AG01,198
375,A06AG02,199
1316,A06AG04,200
2462,A06AG07,201
4616,A06AH01,202
143,A06AH02,203
4832,A06AH03,204
1878,A06AH04,205
5220,A06AH05,206
1316,A06AX01,207
4123,A06AX03,208
4622,A06AX04,209
3502,A06AX05,210
2579,A06AX06,211
5208,A06AX07,212
5349,A06AX08,213
4247,A07AA01,214
1977,A07AA02,215
1885,A07AA03,216
2481,A07AA04,217
4246,A07AA05,218
2067,A07AA06,219
197,A07AA07,220
1519,A07AA08,221
2807,A07AA09,222
4425,A07AA10,223
2379,A07AA11,224
4180,A07AA12,225
4817,A07AA13,226
2158,A07AB02,227
2505,A07AB03,228
2490,A07AB04,229
1800,A07AC01,230
412,A07AX01,231
55,A07AX02,232
1928,A07AX03,233
1931,A07AX04,234
4278,A07BC03,235
918,A07DA01,236
1599,A07DA03,237
878,A07DA04,238
1600,A07DA05,239
5001,A07DA06,240
2245,A07EA01,241
1388,A07EA02,242
2253,A07EA03,243
348,A07EA04,244
4064,A07EA05,245
419,A07EA06,246
741,A07EB01,247
2525,A07EC01,248
1710,A07EC02,249
1988,A07EC03,250
284,A07EC04,251
60,A07XA04,252
4744,A07XA06,253
2140,A08AA01,254
1150,A08AA02,255
874,A08AA03,256
832,A08AA04,257
1640,A08AA05,258
1100,A08AA06,259
3389,A08AA07,260
684,A08AA08,261
1664,A08AA09,262
2440,A08AA10,263
4374,A08AA11,264
1996,A08AB01,265
4150,A08AX01,266
1310,A09AB01,267
347,A09AB02,268
4568,A09AB03,269
666,A09AB04,270
5003,A10AB01,271
5192,A10AB02,272
5191,A10AB03,273
5002,A10AB04,274
4981,A10AB05,275
5057,A10AB06,276
5003,A10AC01,277
5192,A10AC02,278
5191,A10AC03,279
5002,A10AC04,280
5003,A10AD01,281
5192,A10AD02,282
5191,A10AD03,283
5002,A10AD04,284
4981,A10AD05,285
5003,A10AE01,286
5192,A10AE02,287
5191,A10AE03,288
4901,A10AE04,289
4985,A10AE05,290
4960,A10AE06,291
5003,A10AF01,292
2126,A10BA01,293
1725,A10BA02,294
423,A10BA03,295
1314,A10BB01,296
622,A10BB02,297
2696,A10BB03,298
1298,A10BB04,299
2694,A10BB05,300
505,A10BB06,301
1301,A10BB07,302
1302,A10BB08,303
1299,A10BB09,304
1717,A10BB10,305
1305,A10BB11,306
1300,A10BB12,307
57,A10BB31,308
1321,A10BC01,309
39,A10BF01,310
1806,A10BF02,311
2845,A10BF03,312
2767,A10BG01,313
2405,A10BG02,314
2179,A10BG03,315
5078,A10BG04,316
2448,A10BH01,317
3642,A10BH02,318
4114,A10BH03,319
4340,A10BH04,320
4175,A10BH05,321
4833,A10BH06,322
5239,A10BH07,323
4895,A10BH08,324
1123,A10BJ01,325
4164,A10BJ02,326
4815,A10BJ03,327
4927,A10BJ04,328
4885,A10BJ05,329
5267,A10BJ06,330
4304,A10BK01,331
4758,A10BK02,332
4830,A10BK03,333
5270,A10BK04,334
4890,A10BK05,335
5339,A10BK06,336
4891,A10BK07,337
2366,A10BX02,338
1886,A10BX03,339
2236,A10BX05,340
307,A10BX06,341
1818,A10BX08,342
2704,A10XA01,343
2831,A11CA01,344
345,A11CA02,345
2838,A11CC01,346
2841,A11CC02,347
130,A11CC03,348
466,A11CC04,349
2840,A11CC05,350
464,A11CC06,351
2832,A11DA01,352
2494,A11DA02,353
308,A11DA03,354
4072,A11GA01,355
1906,A11HA01,356
2836,A11HA02,357
3613,A11HA03,358
2834,A11HA04,359
373,A11HA05,360
3506,A11HA06,361
1444,A11HA07,362
4280,A11HA08,363
838,A11HA30,364
2055,A11HA31,365
3417,A11HA32,366
4441,A12AA01,367
4842,A12AA02,368
4348,A12AA03,369
4239,A12AA04,370
4383,A12AA05,371
4843,A12AA06,372
4201,A12AA07,373
4434,A12AA08,374
4433,A12AA10,375
4385,A12AA11,376
4479,A12AA13,377
4844,A12AA30,378
4199,A12BA01,379
4519,A12BA02,380
4694,A12BA03,381
4520,A12BA04,382
4524,A12BA05,383
4198,A12CA01,384
4212,A12CA02,385
4275,A12CB01,386
4343,A12CB02,387
4200,A12CC01,388
4290,A12CC02,389
4515,A12CC03,390
4281,A12CC04,391
4517,A12CC05,392
4592,A12CC06,393
4593,A12CC07,394
4597,A12CC08,395
4594,A12CC09,396
4293,A12CC10,397
4243,A12CD01,398
4252,A12CD02,399
4781,A12CE01,400
4782,A12CE02,401
3927,A14AA01,402
2477,A14AA02,403
1734,A14AA03,404
1743,A14AA04,405
2033,A14AA05,406
3823,A14AA06,407
795,A14AA07,408
2011,A14AA08,409
1961,A14AA09,410
1879,A14AB01,411
1094,A14AB02,412
4681,A14AB03,413
513,A16AA01,414
2414,A16AA02,415
1311,A16AA03,416
768,A16AA04,417
3068,A16AA05,418
347,A16AA06,419
4826,A16AA07,420
5129,A16AB01,421
4932,A16AB02,422
5021,A16AB03,423
5018,A16AB04,424
4997,A16AB05,425
5043,A16AB06,426
5030,A16AB07,427
5101,A16AB08,428
4918,A16AB09,429
4989,A16AB10,430
5199,A16AB11,431
4999,A16AB12,432
5049,A16AB13,433
5028,A16AB14,434
5230,A16AB17,435
5264,A16AB18,436
5340,A16AB19,437
4732,A16AX01,438
218,A16AX02,439
24,A16AX03,440
1944,A16AX04,441
4269,A16AX05,442
1807,A16AX06,443
2612,A16AX07,444
4718,A16AX08,445
4745,A16AX09,446
4834,A16AX10,447
4373,A16AX11,448
2738,A16AX12,449
5029,A16AX13,450
5110,A16AX14,451
5354,A16AX16,452
5399,A16AX17,453
5415,A16AX18,454
867,B01AA01,455
2130,B01AA02,456
2847,B01AA03,457
2138,B01AA04,458
48,B01AA07,459
1091,B01AA08,460
3111,B01AA09,461
4450,B01AA10,462
2674,B01AA11,463
1194,B01AA12,464
1358,B01AB01,465
4879,B01AB05,466
5162,B01AB06,467
4840,B01AB10,468
4726,B01AB11,469
4840,B01AB12,470
929,B01AC01,471
713,B01AC02,472
2161,B01AC03,473
708,B01AC04,474
2657,B01AC05,475
74,B01AC06,476
924,B01AC07,477
4387,B01AC08,478
1034,B01AC09,479
1439,B01AC10,480
1422,B01AC11,481
4950,B01AC13,482
4760,B01AC15,483
1040,B01AC16,484
2680,B01AC17,485
2744,B01AC18,486
343,B01AC19,487
2720,B01AC21,488
4113,B01AC22,489
644,B01AC23,490
4184,B01AC24,491
5006,B01AC25,492
4870,B01AC26,493
5077,B01AC27,494
5141,B01AD02,495
5109,B01AD04,496
5044,B01AD07,497
5066,B01AD11,498
2990,B01AE01,499
2995,B01AE02,500
239,B01AE03,501
2852,B01AE05,502
385,B01AE06,503
776,B01AE07,504
4182,B01AF01,505
4298,B01AF02,506
4897,B01AF03,507
5241,B01AF04,508
5092,B01AX01,509
2973,B01AX04,510
1236,B01AX05,511
5308,B01AX07,512
163,B02AA01,513
2713,B02AA02,514
22,B02AA03,515
4839,B02AB01,516
471,B02AB04,517
2843,B02BA01,518
1683,B02BA02,519
4729,B02BC03,520
96,B02BC05,521
4431,B02BC08,522
1028,B02BC09,523
5019,B02BD02,524
5173,B02BD10,525
5134,B02BD11,526
5069,B02BD14,527
1075,B02BX01,528
491,B02BX02,529
4996,B02BX04,530
4399,B02BX05,531
5268,B02BX06,532
5059,B02BX07,533
5285,B02BX08,534
5280,B02BX09,535
4261,B03AA02,536
4491,B03AA03,537
4542,B03AA04,538
4543,B03AA05,539
4544,B03AA06,540
4528,B03AA07,541
4545,B03AA08,542
4541,B03AA09,543
4540,B03AA10,544
5121,B03AB02,545
4709,B03AB03,546
4539,B03AB04,547
4391,B03AB07,548
5076,B03AB10,549
4261,B03AD02,550
4528,B03AD03,551
4491,B03AD05,552
4196,B03BA01,553
4309,B03BA03,554
4404,B03BA04,555
4600,B03BA05,556
1231,B03BB01,557
4995,B03XA01,558
5157,B03XA02,559
5165,B03XA03,560
4234,B03XA04,561
5371,B03XA05,562
5364,B03XA06,563
2771,B05BB03,564
935,B05BC01,565
4264,B05BC02,566
3083,B05CA01,567
597,B05CA02,568
1950,B05CA03,569
2512,B05CA04,570
2568,B05CA05,571
1629,B05CA06,572
3391,B05CA07,573
3194,B05CA08,574
4247,B05CA09,575
4198,B05CB01,576
4477,B05CB02,577
4281,B05CB03,578
4205,B05CB04,579
845,B05CX01,580
2462,B05CX02,581
1319,B05CX03,582
935,B05CX04,583
4199,B05XA01,584
4205,B05XA02,585
4198,B05XA03,586
4350,B05XA04,587
4290,B05XA05,588
4201,B05XA07,589
4203,B05XA08,590
4219,B05XA09,591
4596,B05XA10,592
4200,B05XA11,593
4344,B05XA12,594
4568,B05XA13,595
1318,B05XA14,596
4695,B05XA15,597
4217,B05XA17,598
4275,B05XA18,599
1549,B05XB01,600
4319,B05XB02,601
1622,B05XB03,602
2771,B05XX02,603
5033,B06AA03,604
5040,B06AA04,605
5135,B06AA10,606
5117,B06AB01,607
4186,B06AC02,608
4846,B06AC03,609
5152,B06AC04,610
5309,B06AC05,611
5365,B06AX01,612
67,C01AA01,613
68,C01AA02,614
881,C01AA04,615
882,C01AA05,616
1543,C01AA06,617
813,C01AA07,618
1761,C01AA08,619
1296,C01AA09,620
2313,C01AB01,621
2004,C01AC01,622
4408,C01AC03,623
3809,C01AX02,624
2346,C01BA01,625
2270,C01BA02,626
926,C01BA03,627
2467,C01BA04,628
100,C01BA05,629
2230,C01BA08,630
1604,C01BA12,631
889,C01BA13,632
1579,C01BB01,633
1794,C01BB02,634
2686,C01BB03,635
231,C01BB04,636
2291,C01BC03,637
1176,C01BC04,638
1607,C01BC07,639
1007,C01BC08,640
4835,C01BC09,641
176,C01BD01,642
394,C01BD02,643
428,C01BD03,644
942,C01BD04,645
1412,C01BD05,646
4655,C01BD06,647
4112,C01BD07,648
1842,C01BG01,649
630,C01BG07,650
4365,C01BG11,651
1101,C01CA01,652
1499,C01CA02,653
1960,C01CA03,654
947,C01CA04,655
1966,C01CA05,656
2146,C01CA06,657
937,C01CA07,658
3577,C01CA08,659
1721,C01CA09,660
1753,C01CA10,661
1694,C01CA11,662
909,C01CA12,663
2258,C01CA13,664
948,C01CA14,665
1290,C01CA15,666
1405,C01CA16,667
1803,C01CA17,668
3396,C01CA18,669
1153,C01CA19,670
462,C01CA21,671
237,C01CA22,672
2619,C01CA23,673
1028,C01CA24,674
153,C01CA25,675
1024,C01CA26,676
971,C01CA27,677
201,C01CE01,678
1809,C01CE02,679
1014,C01CE03,680
415,C01CE04,681
4338,C01CX06,682
2848,C01CX07,683
1576,C01CX08,684
5272,C01CX09,685
1952,C01DA02,686
2087,C01DA05,687
2295,C01DA07,688
1505,C01DA08,689
2770,C01DA09,690
1047,C01DA13,691
1506,C01DA14,692
2591,C01DA38,693
1182,C01DB01,694
4583,C01DX01,695
2261,C01DX02,696
2030,C01DX03,697
321,C01DX04,698
3098,C01DX05,699
1370,C01DX06,700
1069,C01DX07,701
1361,C01DX08,702
1430,C01DX09,703
893,C01DX10,704
3621,C01DX11,705
1831,C01DX12,706
991,C01DX13,707
650,C01DX14,708
3106,C01DX15,709
1919,C01DX16,710
4589,C01DX18,711
1901,C01DX19,712
5439,C01DX22,713
138,C01EA01,714
470,C01EB02,715
1440,C01EB03,716
739,C01EB05,717
3464,C01EB06,718
4607,C01EB09,719
90,C01EB10,720
2679,C01EB11,721
37,C01EB13,722
2750,C01EB15,723
1407,C01EB16,724
3312,C01EB17,725
2359,C01EB18,726
2362,C01EB21,727
3995,C01EB22,728
2369,C02AA01,729
2370,C02AA02,730
810,C02AA05,731
1750,C02AA06,732
3687,C02AA07,733
1762,C02AB01,734
704,C02AC01,735
1343,C02AC02,736
2700,C02AC04,737
1856,C02AC05,738
2381,C02AC06,739
2752,C02BA01,740
1646,C02BB01,741
4209,C02CA01,742
1443,C02CA02,743
2747,C02CA03,744
954,C02CA04,745
2796,C02CA06,746
359,C02CC01,747
1342,C02CC02,748
1346,C02CC03,749
788,C02CC04,750
4564,C02CC05,751
3455,C02CC06,752
1345,C02CC07,753
854,C02DA01,754
884,C02DB01,755
1384,C02DB02,756
1008,C02DB03,757
461,C02DB04,758
1814,C02DC01,759
4631,C02DD01,760
2173,C02DG01,761
1792,C02KB01,762
2065,C02KC01,763
1524,C02KD01,764
392,C02KX01,765
4337,C02KX02,766
3548,C02KX03,767
4809,C02KX04,768
4807,C02KX05,769
305,C03AA01,770
1392,C03AA02,771
1385,C03AA03,772
609,C03AA04,773
2228,C03AA05,774
2733,C03AA06,775
756,C03AA07,776
1759,C03AA08,777
761,C03AA09,778
1645,C03AA13,779
2343,C03BA02,780
706,C03BA03,781
625,C03BA04,782
1666,C03BA05,783
693,C03BA07,784
1783,C03BA08,785
1777,C03BA09,786
2853,C03BA10,787
1433,C03BA11,788
712,C03BA12,789
1162,C03BA13,790
4657,C03BC01,791
2618,C03BD01,792
634,C03BX03,793
1258,C03CA01,794
427,C03CA02,795
2201,C03CA03,796
2708,C03CA04,797
1071,C03CC01,798
2658,C03CC02,799
1858,C03CD01,800
1114,C03CX01,801
2475,C03DA01,802
477,C03DA02,803
478,C03DA03,804
1032,C03DA04,805
158,C03DB01,806
2728,C03DB02,807
4110,C03XA01,808
732,C03XA02,809
1510,C04AA01,810
1976,C04AA02,811
286,C04AA31,812
2142,C04AB01,813
2695,C04AB02,814
2835,C04AC01,815
1445,C04AC03,816
3908,C04AC07,817
2094,C04AD01,818
4368,C04AD02,819
2099,C04AD03,820
3212,C04AD04,821
5035,C04AE01,822
1910,C04AE02,823
887,C04AE04,824
747,C04AX01,825
2136,C04AX02,826
3643,C04AX07,827
1855,C04AX10,828
301,C04AX11,829
2824,C04AX17,830
2536,C04AX19,831
422,C04AX20,832
1870,C04AX21,833
440,C04AX23,834
3649,C04AX24,835
580,C04AX26,836
651,C04AX27,837
1419,C04AX28,838
265,C04AX30,839
1132,C04AX32,840
1388,C05AA01,841
2245,C05AA04,842
348,C05AA05,843
1208,C05AA06,844
1206,C05AA08,845
824,C05AA09,846
1204,C05AA10,847
1205,C05AA11,848
2725,C05AA12,849
1579,C05AD01,850
2610,C05AD02,851
323,C05AD03,852
859,C05AD04,853
2271,C05AD05,854
3407,C05AD06,855
3487,C05AD07,856
1952,C05AE01,857
1505,C05AE02,858
897,C05AE03,859
2730,C05AX05,860
4705,C05BA02,861
1358,C05BA03,862
2097,C05BA04,863
4086,C05BB01,864
4614,C05BB02,865
3550,C05BB04,866
4266,C05BB05,867
936,C05BX01,868
3535,C05CA01,869
1835,C05CA02,870
3157,C05CA03,871
2778,C05CA04,872
3956,C05CA05,873
2730,C05CX01,874
1871,C05CX02,875
137,C07AA01,876
2027,C07AA02,877
2176,C07AA03,878
2303,C07AA05,879
4061,C07AA06,880
2464,C07AA07,881
1865,C07AA12,882
1697,C07AA14,883
520,C07AA15,884
2605,C07AA16,885
389,C07AA17,886
433,C07AA19,887
2078,C07AA23,888
710,C07AA27,889
3486,C07AB01,890
1786,C07AB02,891
255,C07AB03,892
40,C07AB04,893
356,C07AB05,894
360,C07AB06,895
380,C07AB07,896
569,C07AB08,897
1054,C07AB09,898
4467,C07AB10,899
4702,C07AB11,900
1887,C07AB12,901
2557,C07AB13,902
1545,C07AB14,903
1531,C07AG01,904
522,C07AG02,905
183,C08CA01,906
1142,C08CA02,907
1511,C08CA03,908
1909,C08CA04,909
1922,C08CA05,910
1937,C08CA06,911
1942,C08CA07,912
1947,C08CA08,913
1532,C08CA09,914
1934,C08CA10,915
1631,C08CA11,916
290,C08CA12,917
4157,C08CA13,918
642,C08CA14,919
3880,C08CA15,920
674,C08CA16,921
1797,C08CX01,922
2815,C08DA01,923
1275,C08DA02,924
897,C08DB01,925
1148,C08EA01,926
342,C08EA02,927
1580,C08EX01,928
2106,C08EX02,929
484,C09AA01,930
1005,C09AA02,931
1587,C09AA03,932
2108,C09AA04,933
2356,C09AA05,934
2340,C09AA06,935
299,C09AA07,936
641,C09AA08,937
1245,C09AA09,938
2712,C09AA10,939
2474,C09AA11,940
798,C09AA12,941
1827,C09AA13,942
2586,C09AA14,943
2866,C09AA15,944
1424,C09AA16,945
1610,C09CA01,946
1037,C09CA02,947
2806,C09CA03,948
1481,C09CA04,949
3839,C09CA05,950
2583,C09CA07,951
1985,C09CA08,952
4322,C09CA09,953
4906,C09CA10,954
4696,C09XA01,955
119,C09XA02,956
2445,C10AA01,957
1612,C10AA02,958
2239,C10AA03,959
1229,C10AA04,960
257,C10AA05,961
577,C10AA06,962
2406,C10AA07,963
2214,C10AA08,964
694,C10AB01,965
362,C10AB02,966
4437,C10AB03,967
1285,C10AB04,968
1152,C10AB05,969
2444,C10AB06,970
2401,C10AB07,971
658,C10AB08,972
1106,C10AB09,973
696,C10AB10,974
4505,C10AB11,975
727,C10AC01,976
728,C10AC02,977
4852,C10AC03,978
4405,C10AC04,979
1911,C10AD01,980
2835,C10AD02,981
1916,C10AD03,982
4764,C10AD04,983
76,C10AD06,984
846,C10AX01,985
2269,C10AX02,986
2647,C10AX03,987
1670,C10AX05,988
5074,C10AX08,989
1125,C10AX09,990
5172,C10AX10,991
4747,C10AX11,992
4721,C10AX12,993
5000,C10AX13,994
5016,C10AX14,995
5382,C10AX15,996
1977,D01AA01,997
1885,D01AA02,998
4783,D01AA03,999
3419,D01AA04,1000
4776,D01AA06,1001
3513,D01AA07,1002
1331,D01AA08,1003
719,D01AC01,1004
1800,D01AC02,1005
983,D01AC03,1006
3091,D01AC04,1007
3309,D01AC05,1008
2621,D01AC06,1009
2675,D01AC07,1010
1527,D01AC08,1011
2495,D01AC09,1012
370,D01AC10,1013
3408,D01AC11,1014
1166,D01AC12,1015
1991,D01AC13,1016
2434,D01AC14,1017
1187,D01AC15,1018
1227,D01AC16,1019
978,D01AC17,1020
4813,D01AC18,1021
4874,D01AC19,1022
3040,D01AE01,1023
4670,D01AE02,1024
3625,D01AE03,1025
3446,D01AE04,1026
4693,D01AE05,1027
4328,D01AE06,1028
4734,D01AE08,1029
3557,D01AE09,1030
4773,D01AE10,1031
1355,D01AE11,1032
2416,D01AE12,1033
4274,D01AE13,1034
636,D01AE14,1035
2597,D01AE15,1036
188,D01AE16,1037
3725,D01AE17,1038
3617,D01AE18,1039
3614,D01AE19,1040
1188,D01AE21,1041
1872,D01AE22,1042
444,D01AE23,1043
4877,D01AE24,1044
1331,D01BA01,1045
2597,D01BA02,1046
4264,D02AE01,1047
2049,D02BA01,1048
4236,D02BA02,1049
345,D02BB01,1050
4836,D02BB02,1051
838,D03AX03,1052
2055,D03AX04,1053
3957,D03AX05,1054
4925,D03AX06,1055
4854,D03AX09,1056
3178,D03AX10,1057
4784,D03AX11,1058
2768,D03AX12,1059
5051,D03BA02,1060
2642,D04AA01,1061
2331,D04AA02,1062
2617,D04AA03,1063
2762,D04AA04,1064
606,D04AA09,1065
2286,D04AA10,1066
3618,D04AA12,1067
903,D04AA13,1068
671,D04AA14,1069
288,D04AA15,1070
2132,D04AA16,1071
1507,D04AA22,1072
916,D04AA32,1073
617,D04AA34,1074
1579,D04AB01,1075
859,D04AB02,1076
3016,D04AB03,1077
323,D04AB04,1078
3153,D04AB05,1079
2610,D04AB06,1080
3487,D04AB07,1081
956,D04AX01,1082
226,D05AC01,1083
2759,D05AD01,1084
30,D05AD02,1085
3229,D05AX01,1086
465,D05AX02,1087
466,D05AX03,1088
4727,D05AX04,1089
2571,D05AX05,1090
2759,D05BA01,1091
30,D05BA02,1092
3021,D05BA03,1093
1116,D05BB01,1094
78,D05BB02,1095
802,D06AA01,1096
624,D06AA02,1097
2041,D06AA03,1098
2611,D06AA04,1099
1261,D06AX01,1100
589,D06AX02,1101
4247,D06AX04,1102
281,D06AX05,1103
4265,D06AX07,1104
4739,D06AX08,1105
1857,D06AX09,1106
4028,D06AX10,1107
2379,D06AX11,1108
157,D06AX12,1109
2371,D06AX13,1110
5058,D06AX14,1111
4817,D06AX15,1112
4142,D06BA01,1113
2527,D06BA02,1114
1624,D06BA03,1115
2512,D06BA04,1116
2521,D06BA05,1117
2510,D06BA06,1118
1417,D06BB01,1119
3634,D06BB02,1120
85,D06BB03,1121
3481,D06BB04,1122
3301,D06BB05,1123
2079,D06BB06,1124
4572,D06BB08,1125
3173,D06BB09,1126
1429,D06BB10,1127
940,D06BB11,1128
4785,D06BB12,1129
1790,D06BX01,1130
4226,D06BX02,1131
5431,D06BX03,1132
1768,D07AA01,1133
1388,D07AA02,1134
2245,D07AA03,1135
3959,D07AB02,1136
4548,D07AB03,1137
3237,D07AB05,1138
1208,D07AB06,1139
4553,D07AB07,1140
3135,D07AB08,1141
2725,D07AB09,1142
4569,D07AB11,1143
824,D07AB19,1144
348,D07AC01,1145
4546,D07AC02,1146
819,D07AC03,1147
1204,D07AC04,1148
1206,D07AC05,1149
3141,D07AC06,1150
1217,D07AC07,1151
1205,D07AC08,1152
419,D07AC09,1153
150,D07AC11,1154
1352,D07AC12,1155
1769,D07AC14,1156
1389,D07AC16,1157
2243,D07AC18,1158
3142,D07AC19,1159
4507,D07AD02,1160
1388,D07XA01,1161
2245,D07XA02,1162
4548,D07XB01,1163
2725,D07XB02,1164
4553,D07XB03,1165
1208,D07XB04,1166
824,D07XB05,1167
348,D07XC01,1168
819,D07XC02,1169
3141,D07XC04,1170
1206,D07XC05,1171
3194,D08AA01,1172
160,D08AA02,1173
4317,D08AA03,1174
3137,D08AC01,1175
597,D08AC02,1176
3493,D08AC03,1177
3275,D08AC04,1178
4692,D08AC05,1179
1364,D08AE01,1180
4691,D08AE02,1181
4266,D08AE03,1182
3631,D08AE04,1183
3094,D08AE05,1184
4768,D08AE06,1185
1950,D08AF01,1186
4249,D08AG02,1187
4446,D08AG03,1188
4421,D08AG04,1189
4376,D08AH01,1190
3095,D08AH02,1191
3290,D08AH03,1192
681,D08AH30,1193
3017,D08AJ01,1194
3082,D08AJ02,1195
3083,D08AJ03,1196
4360,D08AJ04,1197
3019,D08AJ05,1198
4416,D08AJ06,1199
3018,D08AJ08,1200
4919,D08AJ10,1201
4786,D08AK01,1202
4687,D08AK02,1203
4787,D08AK03,1204
4788,D08AK04,1205
4733,D08AK06,1206
4789,D08AK30,1207
4502,D08AL01,1208
3281,D08AX01,1209
4466,D08AX02,1210
4332,D08AX03,1211
3088,D08AX04,1212
4215,D08AX05,1213
4699,D08AX06,1214
4790,D08AX07,1215
1076,D08AX08,1216
1896,D09AA01,1217
1261,D09AA02,1218
1950,D09AA03,1219
4688,D09AA04,1220
3017,D09AA05,1221
3631,D09AA06,1222
3083,D09AA07,1223
4495,D09AA08,1224
4249,D09AA09,1225
681,D09AA10,1226
3017,D09AA11,1227
597,D09AA12,1228
4579,D09AA13,1229
1208,D10AA01,1230
1768,D10AA02,1231
824,D10AA03,1232
3032,D10AB01,1233
4260,D10AB02,1234
3607,D10AB03,1235
3343,D10AB05,1236
2722,D10AD01,1237
2831,D10AD02,1238
87,D10AD03,1239
1508,D10AD04,1240
1849,D10AD05,1241
5350,D10AD06,1242
328,D10AE01,1243
678,D10AF01,1244
1048,D10AF02,1245
589,D10AF03,1246
3333,D10AF04,1247
1864,D10AF05,1248
2497,D10AF06,1249
1813,D10AF07,1250
4436,D10AX01,1251
3524,D10AX02,1252
270,D10AX03,1253
4438,D10AX04,1254
782,D10AX05,1255
1508,D10BA01,1256
4302,D11AA01,1257
4360,D11AC01,1258
4249,D11AC06,1259
3027,D11AC09,1260
1734,D11AE01,1261
2552,D11AH01,1262
2168,D11AH02,1263
741,D11AH03,1264
3862,D11AH04,1265
5224,D11AH05,1266
5201,D11AH06,1267
1814,D11AX01,1268
1276,D11AX02,1269
4348,D11AX03,1270
4590,D11AX04,1271
4290,D11AX05,1272
4221,D11AX06,1273
3611,D11AX08,1274
2005,D11AX09,1275
1171,D11AX10,1276
3282,D11AX11,1277
4248,D11AX12,1278
1834,D11AX13,1279
990,D11AX16,1280
865,D11AX18,1281
395,D11AX21,1282
3972,D11AX22,1283
2049,D11AX23,1284
4988,D11AX24,1285
3281,D11AX25,1286
463,D11AX26,1287
1977,G01AA01,1288
1885,G01AA02,1289
197,G01AA03,1290
4424,G01AA04,1291
589,G01AA05,1292
4783,G01AA06,1293
2041,G01AA07,1294
507,G01AA08,1295
4776,G01AA09,1296
678,G01AA10,1297
3254,G01AA11,1298
55,G01AB01,1299
1457,G01AC01,1300
681,G01AC02,1301
3095,G01AC03,1302
4376,G01AC05,1303
412,G01AC06,1304
3290,G01AC30,1305
1533,G01AD01,1306
4211,G01AD02,1307
4072,G01AD03,1308
4724,G01AE01,1309
1790,G01AF01,1310
719,G01AF02,1311
1800,G01AF04,1312
983,G01AF05,1313
1997,G01AF06,1314
3309,G01AF07,1315
2675,G01AF08,1316
1527,G01AF11,1317
1166,G01AF12,1318
264,G01AF13,1319
4025,G01AF14,1320
450,G01AF15,1321
1991,G01AF16,1322
3408,G01AF17,1323
1227,G01AF18,1324
2434,G01AF19,1325
2599,G01AG02,1326
4395,G01AX01,1327
3301,G01AX02,1328
4691,G01AX03,1329
1926,G01AX05,1330
1257,G01AX06,1331
4670,G01AX09,1332
4249,G01AX11,1333
636,G01AX12,1334
3498,G01AX13,1335
3277,G01AX16,1336
1764,G02AB01,1337
1042,G02AB03,1338
912,G02AD01,1339
913,G02AD02,1340
1284,G02AD03,1341
502,G02AD04,1342
2538,G02AD05,1343
1817,G02AD06,1344
2390,G02CA01,1345
1976,G02CA02,1346
1155,G02CA03,1347
403,G02CB01,1348
1588,G02CB02,1349
460,G02CB03,1350
2339,G02CB04,1351
1723,G02CB05,1352
2601,G02CB06,1353
1407,G02CC01,1354
1883,G02CC02,1355
3881,G02CC03,1356
1203,G02CC04,1357
3008,G02CX01,1358
5022,G02CX02,1359
5329,G02CX05,1360
1962,G03AC01,1361
1620,G03AC02,1362
1572,G03AC03,1363
1659,G03AC06,1364
3205,G03AC07,1365
1110,G03AC08,1366
818,G03AC09,1367
968,G03AC10,1368
1572,G03AD01,1369
4166,G03AD02,1370
1210,G03BA01,1371
3356,G03BA02,1372
2607,G03BA03,1373
3342,G03BB01,1374
3927,G03BB02,1375
1082,G03CA01,1376
1057,G03CA03,1377
3187,G03CA04,1378
610,G03CA06,1379
3188,G03CA07,1380
4023,G03CA09,1381
4855,G03CA57,1382
870,G03CB01,1383
875,G03CB02,1384
1731,G03CB03,1385
3366,G03CB04,1386
870,G03CC02,1387
1731,G03CC03,1388
3188,G03CC04,1389
875,G03CC05,1390
3187,G03CC06,1391
2655,G03CX01,1392
4563,G03DA01,1393
1659,G03DA02,1394
2279,G03DA04,1395
975,G03DB01,1396
1657,G03DB03,1397
4567,G03DB04,1398
803,G03DB05,1399
600,G03DB06,1400
2285,G03DB07,1401
871,G03DB08,1402
125,G03DC01,1403
1962,G03DC02,1404
1620,G03DC03,1405
1084,G03DC04,1406
1095,G03DC06,1407
1970,G03DC31,1408
3356,G03EK01,1409
5196,G03GA01,1410
4928,G03GA04,1411
4928,G03GA05,1412
4928,G03GA06,1413
4929,G03GA07,1414
5149,G03GA08,1415
5245,G03GA09,1416
4928,G03GA10,1417
753,G03GB01,1418
700,G03GB02,1419
1026,G03GB03,1420
779,G03XA01,1421
1292,G03XA02,1422
1805,G03XB01,1423
4166,G03XB02,1424
2351,G03XC01,1425
4334,G03XC02,1426
4308,G03XC03,1427
570,G03XC04,1428
4749,G03XC05,1429
795,G03XX01,1430
4350,G04BA01,1431
4201,G04BA03,1432
1000,G04BD01,1433
1175,G04BD02,1434
3756,G04BD03,1435
2028,G04BD04,1436
2603,G04BD05,1437
2300,G04BD06,1438
2705,G04BD07,1439
2457,G04BD08,1440
2776,G04BD09,1441
784,G04BD10,1442
4191,G04BD11,1443
4382,G04BD12,1444
138,G04BE01,1445
2056,G04BE02,1446
2441,G04BE03,1447
3659,G04BE04,1448
1855,G04BE06,1449
228,G04BE07,1450
2553,G04BE08,1451
2809,G04BE09,1452
4305,G04BE10,1453
4141,G04BE11,1454
4244,G04BX01,1455
58,G04BX03,1456
2120,G04BX06,1457
4723,G04BX10,1458
3462,G04BX12,1459
906,G04BX13,1460
4381,G04BX14,1461
2097,G04BX15,1462
2676,G04BX16,1463
115,G04CA01,1464
2562,G04CA02,1465
3584,G04CA03,1466
4151,G04CA04,1467
1171,G04CB01,1468
973,G04CB02,1469
4776,G04CX03,1470
4931,H01AA01,1471
4516,H01AA02,1472
4930,H01AB01,1473
4848,H01AC01,1474
5042,H01AC02,1475
5009,H01AC03,1476
2433,H01AC04,1477
5197,H01AC05,1478
4170,H01AC06,1479
5413,H01AC07,1480
5015,H01AX01,1481
817,H01BA02,1482
2959,H01BA03,1483
2967,H01BA04,1484
4679,H01BA05,1485
3126,H01BB01,1486
2042,H01BB02,1487
495,H01BB03,1488
2958,H01CA01,1489
1868,H01CA02,1490
2997,H01CB01,1491
1980,H01CB02,1492
1546,H01CB03,1493
4329,H01CB05,1494
1279,H01CC01,1495
583,H01CC02,1496
5293,H01CC03,1497
111,H02AA01,1498
820,H02AA03,1499
348,H02AB01,1500
824,H02AB02,1501
1206,H02AB03,1502
1768,H02AB04,1503
2245,H02AB06,1504
2253,H02AB07,1505
2725,H02AB08,1506
1388,H02AB09,1507
2254,H02AB11,1508
2384,H02AB12,1509
793,H02AB13,1510
709,H02AB14,1511
1702,H02AB15,1512
736,H02AB17,1513
2746,H02CA01,1514
5384,H02CA02,1515
1527,H02CA03,1516
2646,H03AA01,1517
1585,H03AA02,1518
3611,H03AA04,1519
1773,H03BA01,1520
2308,H03BA02,1521
339,H03BA03,1522
497,H03BB01,1523
1745,H03BB02,1524
4698,H03BC01,1525
3146,H03BX01,1526
4413,H03BX02,1527
2994,H04AA01,1528
4514,H05AA02,1529
4936,H05AA03,1530
5232,H05AA04,1531
2989,H05BA01,1532
4429,H05BA02,1533
4427,H05BA03,1534
994,H05BA04,1535
647,H05BX01,1536
2066,H05BX02,1537
957,H05BX03,1538
5181,H05BX04,1539
464,H05BX05,1540
802,J01AA01,1541
961,J01AA02,1542
624,J01AA03,1543
1619,J01AA04,1544
1727,J01AA05,1545
2041,J01AA06,1546
2611,J01AA07,1547
1813,J01AA08,1548
2399,J01AA09,1549
2084,J01AA10,1550
702,J01AA11,1551
2661,J01AA12,1552
5298,J01AA14,1553
5299,J01AA15,1554
589,J01BA01,1555
2624,J01BA02,1556
198,J01CA01,1557
2218,J01CA02,1558
492,J01CA03,1559
192,J01CA04,1560
508,J01CA05,1561
280,J01CA06,1562
1025,J01CA07,1563
2219,J01CA08,1564
277,J01CA09,1565
1795,J01CA10,1566
1648,J01CA11,1567
2187,J01CA12,1568
2656,J01CA13,1569
1718,J01CA14,1570
2554,J01CA15,1571
4052,J01CA16,1572
2587,J01CA17,1573
1363,J01CA18,1574
248,J01CA19,1575
2082,J01CE01,1576
2083,J01CE02,1577
2297,J01CE03,1578
273,J01CE04,1579
2124,J01CE05,1580
2077,J01CE06,1581
699,J01CE07,1582
4347,J01CE08,1583
4459,J01CE09,1584
4440,J01CE10,1585
866,J01CF01,1586
720,J01CF02,1587
1744,J01CF03,1588
2006,J01CF04,1589
1183,J01CF05,1590
1869,J01CF06,1591
2492,J01CG01,1592
2572,J01CG02,1593
2539,J01CR04,1594
571,J01DB01,1595
573,J01DB02,1596
574,J01DB03,1597
530,J01DB04,1598
526,J01DB05,1599
3071,J01DB06,1600
529,J01DB07,1601
575,J01DB08,1602
576,J01DB09,1603
524,J01DB10,1604
557,J01DB11,1605
561,J01DB12,1606
550,J01DC01,1607
565,J01DC02,1608
527,J01DC03,1609
525,J01DC04,1610
547,J01DC05,1611
542,J01DC06,1612
548,J01DC07,1613
1603,J01DC08,1614
539,J01DC09,1615
556,J01DC10,1616
544,J01DC11,1617
540,J01DC12,1618
3072,J01DC13,1619
1179,J01DC14,1620
546,J01DD01,1621
559,J01DD02,1622
558,J01DD03,1623
564,J01DD04,1624
538,J01DD05,1625
1851,J01DD06,1626
563,J01DD07,1627
537,J01DD08,1628
541,J01DD09,1629
3074,J01DD10,1630
552,J01DD11,1631
543,J01DD12,1632
562,J01DD14,1633
533,J01DD15,1634
4159,J01DD17,1635
3076,J01DD18,1636
535,J01DE01,1637
553,J01DE02,1638
551,J01DE03,1639
279,J01DF01,1640
521,J01DF02,1641
1709,J01DH02,1642
1046,J01DH03,1643
4149,J01DH04,1644
365,J01DH05,1645
2574,J01DH06,1646
4402,J01DI01,1647
4169,J01DI02,1648
1131,J01DI03,1649
5352,J01DI04,1650
2755,J01EA01,1651
398,J01EA02,1652
4573,J01EA03,1653
2526,J01EB01,1654
2512,J01EB02,1655
2502,J01EB03,1656
2524,J01EB04,1657
2529,J01EB05,1658
2521,J01EB06,1659
2527,J01EB07,1660
3567,J01EB08,1661
2514,J01EC01,1662
2500,J01EC02,1663
2520,J01EC03,1664
2501,J01ED01,1665
2517,J01ED02,1666
2513,J01ED03,1667
2511,J01ED04,1668
2515,J01ED05,1669
2522,J01ED06,1670
2510,J01ED07,1671
2523,J01ED08,1672
2509,J01ED09,1673
1048,J01FA01,1674
4711,J01FA02,1675
1861,J01FA03,1676
1983,J01FA05,1677
2410,J01FA06,1678
1518,J01FA07,1679
2769,J01FA08,1680
668,J01FA09,1681
276,J01FA10,1682
1815,J01FA11,1683
2398,J01FA12,1684
925,J01FA13,1685
1221,J01FA14,1686
2581,J01FA15,1687
678,J01FF01,1688
1582,J01FF02,1689
3489,J01FG01,1690
2481,J01GA01,1691
4722,J01GA02,1692
2684,J01GB01,1693
4265,J01GB03,1694
1519,J01GB04,1695
4247,J01GB05,1696
157,J01GB06,1697
1903,J01GB07,1698
2447,J01GB08,1699
855,J01GB09,1700
3526,J01GB10,1701
1486,J01GB11,1702
235,J01GB12,1703
1520,J01GB13,1704
5287,J01GB14,1705
1981,J01MA01,1706
659,J01MA02,1707
2071,J01MA03,1708
1013,J01MA04,1709
2584,J01MA05,1710
1967,J01MA06,1711
1594,J01MA07,1712
1177,J01MA08,1713
2466,J01MA09,1714
2412,J01MA10,1715
1330,J01MA11,1716
1569,J01MA12,1717
2777,J01MA13,1718
1854,J01MA14,1719
1286,J01MA15,1720
1280,J01MA16,1721
2325,J01MA17,1722
2070,J01MA18,1723
4053,J01MA19,1724
2449,J01MA21,1725
2710,J01MA22,1726
5238,J01MA23,1727
5370,J01MA25,1728
83,J01MB01,1729
1875,J01MB02,1730
2209,J01MB03,1731
2184,J01MB04,1732
2024,J01MB05,1733
657,J01MB06,1734
1197,J01MB07,1735
5079,J01MB08,1736
2807,J01XA01,1737
2998,J01XA02,1738
4116,J01XA03,1739
777,J01XA04,1740
4678,J01XA05,1741
4425,J01XB01,1742
4246,J01XB02,1743
1261,J01XC01,1744
1790,J01XD01,1745
2671,J01XD02,1746
1997,J01XD03,1747
1949,J01XE01,1748
1930,J01XE02,1749
4869,J01XE03,1750
1243,J01XX01,1751
2851,J01XX02,1752
3109,J01XX03,1753
2468,J01XX04,1754
3344,J01XX05,1755
1629,J01XX06,1756
1954,J01XX07,1757
1584,J01XX08,1758
783,J01XX09,1759
281,J01XX10,1760
5348,J01XX12,1761
197,J02AA01,1762
4783,J02AA02,1763
1800,J02AB01,1764
1527,J02AB02,1765
1187,J02AC01,1766
1513,J02AC02,1767
2846,J02AC03,1768
3483,J02AC04,1769
1188,J02AX01,1770
2977,J02AX04,1771
1798,J02AX05,1772
4357,J02AX06,1773
2050,J04AA01,1774
2050,J04AA02,1775
2050,J04AA03,1776
759,J04AB01,1777
2377,J04AB02,1778
4817,J04AB03,1779
2376,J04AB04,1780
2378,J04AB05,1781
3180,J04AB06,1782
3063,J04AB30,1783
1497,J04AC01,1784
2314,J04AD01,1785
2673,J04AD02,1786
1083,J04AD03,1787
2328,J04AK01,1788
1073,J04AK02,1789
2602,J04AK03,1790
1843,J04AK04,1791
4741,J04AK05,1792
4819,J04AK06,1793
2631,J04AK07,1794
5344,J04AK08,1795
692,J04BA01,1796
782,J04BA02,1797
2533,J04BA03,1798
1746,J05AA01,1799
85,J05AB01,1800
1417,J05AB02,1801
2818,J05AB03,1802
1277,J05AB06,1803
1128,J05AB09,1804
2798,J05AB11,1805
639,J05AB12,1806
2079,J05AB13,1807
2801,J05AB14,1808
397,J05AB15,1809
2383,J05AC02,1810
3634,J05AC03,1811
1241,J05AD01,1812
2422,J05AE01,1813
1437,J05AE02,1814
2391,J05AE03,1815
1893,J05AE04,1816
200,J05AE05,1817
1240,J05AE07,1818
254,J05AE08,1819
3609,J05AE09,1820
4143,J05AE10,1821
2861,J05AF01,1822
869,J05AF02,1823
2856,J05AF03,1824
2478,J05AF04,1825
1539,J05AF05,1826
34,J05AF06,1827
2593,J05AF07,1828
88,J05AF08,1829
1003,J05AF09,1830
1019,J05AF10,1831
4220,J05AF11,1832
4394,J05AF12,1833
4944,J05AF13,1834
1904,J05AG01,1835
799,J05AG02,1836
989,J05AG03,1837
1115,J05AG04,1838
4174,J05AG05,1839
5295,J05AG06,1840
2859,J05AH01,1841
2001,J05AH02,1842
4823,J05AH03,1843
2352,J05AJ01,1844
4300,J05AJ02,1845
4805,J05AJ03,1846
5440,J05AJ04,1847
2373,J05AP01,1848
4173,J05AP02,1849
4172,J05AP03,1850
4812,J05AP05,1851
4889,J05AP06,1852
4875,J05AP07,1853
4811,J05AP08,1854
4914,J05AP09,1855
5080,J05AP10,1856
5081,J05AP11,1857
1844,J05AX01,1858
4576,J05AX05,1859
4690,J05AX06,1860
1010,J05AX07,1861
1635,J05AX09,1862
4868,J05AX13,1863
5262,J05AX18,1864
5279,J05AX23,1865
5291,J05AX24,1866
5301,J05AX25,1867
5266,J05AX26,1868
4887,J05AX27,1869
5417,J05AX28,1870
5401,J05AX29,1871
4935,J06BB16,1872
4961,J06BB18,1873
5186,J06BB21,1874
5094,J06BB22,1875
758,L01AA01,1876
588,L01AA02,1877
1678,L01AA03,1878
1647,L01AA05,1879
1421,L01AA06,1880
2766,L01AA07,1881
2244,L01AA08,1882
302,L01AA09,1883
438,L01AB01,1884
2718,L01AB02,1885
4598,L01AB03,1886
2638,L01AC01,1887
4372,L01AC02,1888
503,L01AC03,1889
512,L01AD01,1890
1596,L01AD02,1891
4704,L01AD03,1892
2483,L01AD04,1893
1249,L01AD05,1894
3384,L01AD06,1895
3519,L01AD07,1896
2795,L01AD08,1897
3213,L01AG01,1898
858,L01AX01,1899
2192,L01AX02,1900
2589,L01AX03,1901
773,L01AX04,1902
1751,L01BA01,1903
2353,L01BA03,1904
2073,L01BA04,1905
4117,L01BA05,1906
1708,L01BB02,1907
2632,L01BB03,1908
667,L01BB04,1909
691,L01BB06,1910
1892,L01BB07,1911
770,L01BC01,1912
26,L01BC02,1913
4398,L01BC03,1914
511,L01BC04,1915
1283,L01BC05,1916
480,L01BC06,1917
25,L01BC07,1918
790,L01BC08,1919
1184,L01BC09,1920
2823,L01CA01,1921
2825,L01CA02,1922
2826,L01CA03,1923
2827,L01CA04,1924
3644,L01CA05,1925
4831,L01CA06,1926
1112,L01CB01,1927
2590,L01CB02,1928
4375,L01CC01,1929
2044,L01CD01,1930
939,L01CD02,1931
4153,L01CD04,1932
2707,L01CE01,1933
1482,L01CE02,1934
296,L01CE04,1935
4633,L01CX01,1936
774,L01DA01,1937
960,L01DB01,1938
786,L01DB02,1939
1030,L01DB03,1940
80,L01DB04,1941
2874,L01DB05,1942
1414,L01DB06,1943
1821,L01DB07,1944
2198,L01DB08,1945
2805,L01DB09,1946
202,L01DB10,1947
4330,L01DB11,1948
4742,L01DC01,1949
2223,L01DC02,1950
1819,L01DC03,1951
1517,L01DC04,1952
1423,L01EA01,1953
785,L01EA02,1954
1932,L01EA03,1955
4359,L01EA04,1956
4716,L01EA05,1957
1282,L01EB01,1958
1045,L01EB02,1959
4318,L01EB03,1960
5062,L01EB04,1961
5210,L01EB06,1962
5297,L01EB07,1963
5209,L01EB08,1964
4185,L01EC01,1965
4801,L01EC02,1966
5289,L01EC03,1967
4187,L01ED01,1968
4866,L01ED02,1969
4937,L01ED03,1970
5233,L01ED04,1971
5302,L01ED05,1972
4802,L01EE01,1973
5046,L01EE02,1974
5290,L01EE03,1975
5388,L01EE04,1976
4941,L01EF01,1977
5218,L01EF02,1978
5259,L01EF03,1979
4161,L01EG01,1980
1118,L01EG02,1981
4778,L01EG03,1982
1548,L01EH01,1983
5252,L01EH02,1984
5389,L01EH03,1985
4190,L01EJ01,1986
5347,L01EJ02,1987
4225,L01EK01,1988
5258,L01EK03,1989
4810,L01EL01,1990
5260,L01EL02,1991
5353,L01EL03,1992
4878,L01EM01,1993
5256,L01EM02,1994
5328,L01EM03,1995
5296,L01EM04,1996
2544,L01EX01,1997
2459,L01EX02,1998
4118,L01EX03,1999
4178,L01EX04,2000
4654,L01EX05,2001
4715,L01EX07,2002
4942,L01EX08,2003
4903,L01EX09,2004
5231,L01EX10,2005
5341,L01EX11,2006
5305,L01EX12,2007
5306,L01EX13,2008
5345,L01EX14,2009
5343,L01EX15,2010
5327,L01EX16,2011
5392,L01EX17,2012
5379,L01EX18,2013
5394,L01EX19,2014
5390,L01EX20,2015
5424,L01EX21,2016
4392,L01XA01,2017
4133,L01XA02,2018
4210,L01XA03,2019
4703,L01XA04,2020
2272,L01XB01,2021
4975,L01XC02,2022
4979,L01XC03,2023
4980,L01XC05,2024
4954,L01XC06,2025
4956,L01XC07,2026
4955,L01XC08,2027
4951,L01XC10,2028
4958,L01XC11,2029
4964,L01XC12,2030
4957,L01XC13,2031
4990,L01XC14,2032
4983,L01XC15,2033
4923,L01XC17,2034
4924,L01XC18,2035
4915,L01XC19,2036
4917,L01XC21,2037
5071,L01XC22,2038
5072,L01XC23,2039
5063,L01XC24,2040
5031,L01XC25,2041
5247,L01XC26,2042
5183,L01XC27,2043
5234,L01XC28,2044
5221,L01XC31,2045
5151,L01XC32,2046
5317,L01XC33,2047
5314,L01XC34,2048
5404,L01XC35,2049
5366,L01XC36,2050
5333,L01XC37,2051
5385,L01XC38,2052
5405,L01XC39,2053
5451,L01XC40,2054
5367,L01XC41,2055
4021,L01XD01,2056
168,L01XD03,2057
166,L01XD04,2058
2588,L01XD05,2059
4465,L01XD06,2060
5273,L01XD07,2061
2722,L01XF01,2062
3862,L01XF02,2063
361,L01XF03,2064
391,L01XG01,2065
4483,L01XG02,2066
5067,L01XG03,2067
4124,L01XH01,2068
4119,L01XH02,2069
4682,L01XH03,2070
4876,L01XH04,2071
4227,L01XJ01,2072
5008,L01XJ02,2073
5304,L01XJ03,2074
4907,L01XK01,2075
5222,L01XK02,2076
5203,L01XK03,2077
5300,L01XK04,2078
203,L01XX01,2079
5070,L01XX02,2080
141,L01XX03,2081
1399,L01XX05,2082
1598,L01XX07,2083
2098,L01XX08,2084
1637,L01XX10,2085
1065,L01XX11,2086
3362,L01XX16,2087
3605,L01XX18,2088
1820,L01XX23,2089
5082,L01XX24,2090
244,L01XX27,2091
5087,L01XX29,2092
568,L01XX33,2093
209,L01XX35,2094
4677,L01XX40,2095
4171,L01XX41,2096
4916,L01XX44,2097
5180,L01XX51,2098
5133,L01XX52,2099
5251,L01XX59,2100
5292,L01XX62,2101
5330,L01XX66,2102
5323,L01XX67,2103
5398,L01XX69,2104
875,L02AA01,2105
3482,L02AA02,2106
1082,L02AA03,2107
3248,L02AA04,2108
1659,L02AB02,2109
4563,L02AB03,2110
436,L02AE01,2111
1559,L02AE02,2112
1327,L02AE03,2113
2968,L02AE04,2114
2975,L02AE05,2115
2561,L02BA01,2116
2709,L02BA02,2117
1255,L02BA03,2118
1223,L02BB01,2119
1933,L02BB02,2120
367,L02BB03,2121
4628,L02BB04,2122
5278,L02BB05,2123
5334,L02BB06,2124
164,L02BG01,2125
1238,L02BG02,2126
210,L02BG03,2127
1556,L02BG04,2128
3651,L02BG05,2129
1122,L02BG06,2130
35,L02BX01,2131
4379,L02BX02,2132
4987,L03AA02,2133
5025,L03AA09,2134
5167,L03AA10,2135
4986,L03AA13,2136
4991,L03AA14,2137
5205,L03AB05,2138
5139,L03AB07,2139
5140,L03AB08,2140
5164,L03AB10,2141
5158,L03AB11,2142
5137,L03AB13,2143
5338,L03AB15,2144
5011,L03AC01,2145
5026,L03AC02,2146
2987,L03AX01,2147
3532,L03AX02,2148
5206,L03AX04,2149
2164,L03AX05,2150
2645,L03AX09,2151
5212,L03AX11,2152
4880,L03AX13,2153
1375,L03AX14,2154
2960,L03AX15,2155
4410,L03AX16,2156
4853,L03AX18,2157
5318,L03AX21,2158
5177,L04AA02,2159
1860,L04AA06,2160
2446,L04AA10,2161
1552,L04AA13,2162
5088,L04AA15,2163
1118,L04AA18,2164
1347,L04AA19,2165
4959,L04AA21,2166
4970,L04AA23,2167
5089,L04AA24,2168
4969,L04AA25,2169
4949,L04AA26,2170
4167,L04AA27,2171
5091,L04AA28,2172
4713,L04AA29,2173
4634,L04AA31,2174
4829,L04AA32,2175
4982,L04AA33,2176
4909,L04AA34,2177
5223,L04AA36,2178
5202,L04AA37,2179
5383,L04AA38,2180
5320,L04AA39,2181
667,L04AA40,2182
5418,L04AA41,2183
5326,L04AA42,2184
5322,L04AA43,2185
5346,L04AA44,2186
5419,L04AA45,2187
5397,L04AA47,2188
4978,L04AB01,2189
4974,L04AB02,2190
4904,L04AB04,2191
4968,L04AB05,2192
4967,L04AB06,2193
4953,L04AC01,2194
4940,L04AC02,2195
5017,L04AC03,2196
5105,L04AC04,2197
4966,L04AC05,2198
4933,L04AC07,2199
4952,L04AC08,2200
4934,L04AC10,2201
4977,L04AC11,2202
5179,L04AC12,2203
5083,L04AC13,2204
5237,L04AC14,2205
5246,L04AC16,2206
5281,L04AC17,2207
5337,L04AC18,2208
5409,L04AC19,2209
760,L04AD01,2210
2552,L04AD02,2211
4366,L04AD03,2212
269,L04AX01,2213
2616,L04AX02,2214
1751,L04AX03,2215
3317,L04AX04,2216
4224,L04AX05,2217
4746,L04AX06,2218
4757,L04AX07,2219
2145,M01AA01,2220
1828,M01AA02,2221
2036,M01AA03,2222
4335,M01AA05,2223
1522,M01AA06,2224
1440,M01AB01,2225
2534,M01AB02,2226
2699,M01AB03,2227
2871,M01AB04,2228
865,M01AB05,2229
107,M01AB06,2230
426,M01AB07,2231
1103,M01AB08,2232
1597,M01AB09,2233
1165,M01AB10,2234
47,M01AB11,2235
919,M01AB12,2236
2008,M01AB13,2237
2280,M01AB14,2238
1529,M01AB15,2239
43,M01AB16,2240
3047,M01AB17,2241
2210,M01AC01,2242
2595,M01AC02,2243
970,M01AC04,2244
1609,M01AC05,2245
1676,M01AC06,2246
1407,M01AE01,2247
1883,M01AE02,2248
1528,M01AE03,2249
1154,M01AE04,2250
1145,M01AE05,2251
311,M01AE06,2252
2546,M01AE07,2253
2213,M01AE08,2254
1219,M01AE09,2255
1442,M01AE10,2256
2652,M01AE11,2257
2013,M01AE12,2258
1411,M01AE13,2259
3851,M01AE14,2260
1203,M01AE15,2261
126,M01AE16,2262
833,M01AE17,2263
4674,M01AE18,2264
1663,M01AG01,2265
2698,M01AG02,2266
1193,M01AG03,2267
1650,M01AG04,2268
568,M01AH01,2269
2397,M01AH02,2270
2799,M01AH03,2271
2063,M01AH04,2272
1113,M01AH05,2273
1618,M01AH06,2274
5240,M01AH07,2275
1863,M01AX01,2276
1925,M01AX02,2277
266,M01AX04,2278
1307,M01AX05,2279
3881,M01AX07,2280
2311,M01AX13,2281
1935,M01AX17,2282
1169,M01AX18,2283
849,M01AX21,2284
4672,M01AX22,2285
4728,M01AX23,2286
2005,M01AX24,2287
4103,M01AX25,2288
3413,M01CA03,2289
4706,M01CB01,2290
4707,M01CB02,2291
4122,M01CB03,2292
4349,M01CB04,2293
4767,M01CB05,2294
2081,M01CC01,2295
414,M01CC02,2296
2145,M02AA01,2297
1828,M02AA02,2298
4335,M02AA03,2299
2036,M02AA04,2300
3881,M02AA05,2301
3211,M02AA06,2302
2210,M02AA07,2303
1141,M02AA08,2304
3047,M02AA09,2305
1528,M02AA10,2306
303,M02AA11,2307
1883,M02AA12,2308
1407,M02AA13,2309
1165,M02AA14,2310
865,M02AA15,2311
1169,M02AA16,2312
1925,M02AA17,2313
1650,M02AA18,2314
1219,M02AA19,2315
2699,M02AA21,2316
2547,M02AA22,2317
1440,M02AA23,2318
1924,M02AA24,2319
43,M02AA25,2320
1935,M02AA26,2321
833,M02AA27,2322
2165,M02AA28,2323
5060,M02AA29,2324
3064,M02AB01,2325
4342,M02AB02,2326
2695,M02AX02,2327
906,M02AX03,2328
1418,M02AX05,2329
2703,M02AX06,2330
109,M03AA01,2331
2781,M03AA02,2332
908,M03AA04,2333
2489,M03AB01,2334
2052,M03AC01,2335
1273,M03AC02,2336
2811,M03AC03,2337
259,M03AC04,2338
1365,M03AC05,2339
2183,M03AC06,2340
2974,M03AC07,2341
4535,M03AC08,2342
2396,M03AC09,2343
1822,M03AC10,2344
661,M03AC11,2345
2137,M03BA01,2346
509,M03BA02,2347
1747,M03BA03,2348
2485,M03BA04,2349
1135,M03BA05,2350
603,M03BB02,2351
626,M03BB03,2352
282,M03BX01,2353
2683,M03BX02,2354
2263,M03BX03,2355
2703,M03BX04,2356
4731,M03BX05,2357
1691,M03BX06,2358
2614,M03BX07,2359
751,M03BX08,2360
1022,M03BX09,2361
2151,M03BX30,2362
780,M03CA01,2363
124,M04AA01,2364
2682,M04AA02,2365
1137,M04AA03,2366
2268,M04AB01,2367
2528,M04AB02,2368
318,M04AB03,2369
1488,M04AB04,2370
5075,M04AB05,2371
726,M04AC01,2372
3101,M04AC02,2373
5176,M04AX02,2374
1098,M05BA01,2375
690,M05BA02,2376
2048,M05BA03,2377
112,M05BA04,2378
2666,M05BA05,2379
1404,M05BA06,2380
2387,M05BA07,2381
2868,M05BA08,2382
5024,M05BC01,2383
5175,M05BC02,2384
1477,M05BX01,2385
4495,M05BX02,2386
4714,M05BX03,2387
4965,M05BX04,2388
5282,M05BX05,2389
5362,M05BX06,2390
4570,M09AA01,2391
5131,M09AB01,2392
5051,M09AB02,2393
3957,M09AX01,2394
4872,M09AX03,2395
5182,M09AX06,2396
5207,M09AX07,2397
5357,M09AX08,2398
5332,M09AX09,2399
5407,M09AX10,2400
4417,N01AA01,2401
3645,N01AA02,2402
1356,N01AB01,2403
4363,N01AB02,2404
1009,N01AB04,2405
3628,N01AB05,2406
1493,N01AB06,2407
811,N01AB07,2408
2439,N01AB08,2409
1748,N01AF01,2410
1369,N01AF02,2411
2633,N01AF03,2412
3791,N01AG01,2413
1164,N01AH01,2414
114,N01AH02,2415
2491,N01AH03,2416
3441,N01AH04,2417
220,N01AH05,2418
2363,N01AH06,2419
1523,N01AX03,2420
3494,N01AX04,2421
133,N01AX05,2422
1109,N01AX07,2423
2302,N01AX10,2424
4566,N01AX11,2425
4238,N01AX13,2426
4468,N01AX14,2427
4369,N01AX15,2428
4658,N01BA01,2429
2271,N01BA02,2430
2610,N01BA03,2431
605,N01BA04,2432
323,N01BA05,2433
432,N01BB01,2434
1579,N01BB02,2435
1700,N01BB03,2436
2265,N01BB04,2437
3691,N01BB05,2438
859,N01BB06,2439
1097,N01BB07,2440
3070,N01BB08,2441
2403,N01BB09,2442
4,N01BB10,2443
723,N01BC01,2444
3196,N01BX01,2445
974,N01BX02,2446
4266,N01BX03,2447
3064,N01BX04,2448
1845,N02AA01,2449
1393,N02AA03,2450
1918,N02AA04,2451
2029,N02AA05,2452
886,N02AA08,2453
2034,N02AA11,2454
1526,N02AB01,2455
1690,N02AB02,2456
1164,N02AB03,2457
843,N02AC01,2458
3478,N02AC03,2459
844,N02AC04,2460
363,N02AC05,2461
3424,N02AD01,2462
2119,N02AD02,2463
434,N02AE01,2464
454,N02AF01,2465
1874,N02AF02,2466
2663,N02AX01,2467
2711,N02AX02,2468
847,N02AX03,2469
1706,N02AX05,2470
4283,N02AX06,2471
74,N02BA01,2472
4760,N02BA02,2473
2416,N02BA03,2474
2416,N02BA04,2475
2415,N02BA05,2476
2420,N02BA06,2477
1080,N02BA07,2478
2416,N02BA08,2479
3160,N02BA09,2480
310,N02BA10,2481
880,N02BA11,2482
2416,N02BA12,2483
1333,N02BA14,2484
4387,N02BA15,2485
2416,N02BA16,2486
861,N02BB01,2487
4659,N02BB02,2488
171,N02BB03,2489
2309,N02BB04,2490
1924,N02BB05,2491
52,N02BE01,2492
2115,N02BE03,2493
413,N02BE04,2494
2290,N02BE05,2495
4032,N02BG02,2496
1297,N02BG03,2497
1178,N02BG04,2498
2821,N02BG05,2499
1891,N02BG06,2500
1215,N02BG07,2501
2878,N02BG08,2502
1754,N02BG09,2503
4793,N02BG10,2504
888,N02CA01,2505
1043,N02CA02,2506
1775,N02CA04,2507
1588,N02CA07,2508
4547,N02CB01,2509
2543,N02CC01,2510
1884,N02CC02,2511
2869,N02CC03,2512
2393,N02CC04,2513
128,N02CC05,2514
995,N02CC06,2515
1251,N02CC07,2516
5284,N02CD01,2517
5316,N02CD02,2518
5315,N02CD03,2519
2220,N02CX01,2520
704,N02CX02,2521
1476,N02CX03,2522
1235,N02CX05,2523
2019,N02CX06,2524
1696,N03AA01,2525
2134,N03AA02,2526
2267,N03AA03,2527
4345,N03AA04,2528
1740,N03AA30,2529
1088,N03AB01,2530
2152,N03AB02,2531
5053,N03AB03,2532
1695,N03AB04,2533
1247,N03AB05,2534
2059,N03AC01,2535
2751,N03AC02,2536
1072,N03AC03,2537
1087,N03AD01,2538
2139,N03AD02,2539
1758,N03AD03,2540
703,N03AE01,2541
489,N03AF01,2542
2017,N03AF02,2543
3534,N03AF03,2544
2803,N03AG01,2545
2804,N03AG02,2546
1262,N03AG03,2547
2819,N03AG04,2548
2278,N03AG05,2549
2648,N03AG06,2550
2540,N03AX03,2551
2114,N03AX07,2552
1540,N03AX09,2553
1140,N03AX10,2554
2706,N03AX11,2555
1264,N03AX12,2556
2125,N03AX13,2557
1563,N03AX14,2558
2872,N03AX15,2559
2255,N03AX16,2560
2480,N03AX17,2561
4310,N03AX18,2562
4400,N03AX19,2563
4181,N03AX21,2564
4684,N03AX22,2565
5068,N03AX23,2566
5288,N03AX24,2567
5355,N03AX25,2568
1150,N03AX26,2569
291,N03AX30,2570
2745,N04AA01,2571
374,N04AA02,2572
1780,N04AA03,2573
2276,N04AA04,2574
1086,N04AA05,2575
831,N04AA08,2576
2127,N04AA09,2577
1639,N04AA10,2578
390,N04AA11,2579
2772,N04AA12,2580
4534,N04AB01,2581
1999,N04AB02,2582
333,N04AC01,2583
4423,N04AC30,2584
1567,N04BA01,2585
1673,N04BA04,2586
144,N04BB01,2587
403,N04BC01,2588
2105,N04BC02,2589
4420,N04BC03,2590
2402,N04BC04,2591
2233,N04BC05,2592
460,N04BC06,2593
228,N04BC07,2594
2202,N04BC08,2595
2407,N04BC09,2596
2429,N04BD01,2597
3521,N04BD02,2598
4921,N04BD03,2599
2697,N04BX01,2600
1018,N04BX02,2601
420,N04BX03,2602
5143,N04BX04,2603
4882,N04CX01,2604
621,N05AA01,2605
1752,N05AA02,2606
2284,N05AA03,2607
73,N05AA04,2608
2742,N05AA05,2609
746,N05AA06,2610
619,N05AA07,2611
933,N05AB01,2612
1212,N05AB02,2613
2113,N05AB03,2614
2274,N05AB04,2615
2634,N05AB05,2616
2740,N05AB06,2617
59,N05AB07,2618
2635,N05AB08,2619
443,N05AB09,2620
2100,N05AB10,2621
2107,N05AC01,2622
2637,N05AC02,2623
1712,N05AC03,2624
1353,N05AD01,2625
2741,N05AD02,2626
1677,N05AD03,2627
1837,N05AD04,2628
2181,N05AD05,2629
407,N05AD06,2630
312,N05AD07,2631
966,N05AD08,2632
2035,N05AE01,2633
1830,N05AE02,2634
2435,N05AE03,2635
2865,N05AE04,2636
4168,N05AE05,2637
1211,N05AF01,2638
4397,N05AF02,2639
623,N05AF03,2640
2639,N05AF04,2641
2877,N05AF05,2642
1222,N05AG01,2643
2172,N05AG02,2644
2080,N05AG03,2645
1613,N05AH01,2646
722,N05AH02,2647
1982,N05AH03,2648
2337,N05AH04,2649
4115,N05AH05,2650
717,N05AH06,2651
2537,N05AL01,2652
2541,N05AL02,2653
2651,N05AL03,2654
2365,N05AL04,2655
179,N05AL05,2656
2814,N05AL06,2657
1577,N05AL07,2658
2315,N05AX07,2659
2389,N05AX08,2660
1847,N05AX10,2661
2875,N05AX11,2662
242,N05AX12,2663
4137,N05AX13,2664
3294,N05AX14,2665
5037,N05AX15,2666
5014,N05AX16,2667
5142,N05AX17,2668
852,N05BA01,2669
594,N05BA02,2670
1654,N05BA03,2671
2015,N05BA04,2672
711,N05BA05,2673
1606,N05BA06,2674
93,N05BA07,2675
399,N05BA08,2676
682,N05BA09,2677
1525,N05BA10,2678
2240,N05BA11,2679
136,N05BA12,2680
1348,N05BA13,2681
2175,N05BA14,2682
469,N05BA15,2683
816,N05BA16,2684
1190,N05BA17,2685
1092,N05BA18,2686
1102,N05BA19,2687
718,N05BA21,2688
721,N05BA22,2689
2693,N05BA23,2690
315,N05BA24,2691
1400,N05BB01,2692
483,N05BB02,2693
1704,N05BC01,2694
1004,N05BC03,2695
1644,N05BC04,2696
324,N05BD01,2697
437,N05BE01,2698
1693,N05BX01,2699
1099,N05BX03,2700
4079,N05BX04,2701
2095,N05CA01,2702
184,N05CA02,2703
449,N05CA03,2704
289,N05CA04,2705
232,N05CA05,2706
2428,N05CA06,2707
2556,N05CA07,2708
2829,N05CA08,2709
3849,N05CA09,2710
750,N05CA10,2711
1360,N05CA11,2712
3824,N05CA12,2713
1748,N05CA15,2714
1369,N05CA16,2715
2633,N05CA19,2716
4743,N05CA20,2717
122,N05CA21,2718
2322,N05CA22,2719
586,N05CC01,2720
596,N05CC02,2721
4316,N05CC03,2722
2058,N05CC05,2723
1218,N05CD01,2724
1945,N05CD02,2725
1202,N05CD03,2726
1056,N05CD04,2727
2729,N05CD05,2728
1608,N05CD06,2729
2585,N05CD07,2730
1802,N05CD08,2731
409,N05CD09,2732
2336,N05CD10,2733
1602,N05CD11,2734
955,N05CD12,2735
656,N05CD13,2736
5400,N05CD14,2737
1936,N05CD15,2738
1313,N05CE01,2739
1774,N05CE02,2740
3509,N05CE03,2741
2873,N05CF01,2742
2870,N05CF02,2743
2857,N05CF03,2744
1068,N05CF04,2745
1672,N05CH01,2746
2355,N05CH02,2747
4820,N05CH03,2748
1739,N05CM01,2749
602,N05CM02,2750
3038,N05CM03,2751
504,N05CM04,2752
2424,N05CM05,2753
2298,N05CM06,2754
2735,N05CM07,2755
1078,N05CM08,2756
1367,N05CM10,2757
3678,N05CM12,2758
2802,N05CM13,2759
1687,N05CM15,2760
1908,N05CM16,2761
835,N05CM18,2762
4881,N05CM19,2763
812,N06AA01,2764
1427,N06AA02,2765
3295,N06AA03,2766
701,N06AA04,2767
1993,N06AA05,2768
2758,N06AA06,2769
1592,N06AA07,2770
856,N06AA08,2771
180,N06AA09,2772
1971,N06AA10,2773
2320,N06AA11,2774
956,N06AA12,2775
1478,N06AA13,2776
1675,N06AA14,2777
455,N06AA15,2778
951,N06AA16,2779
191,N06AA17,2780
902,N06AA18,2781
161,N06AA19,2782
1634,N06AA21,2783
2348,N06AA23,2784
2863,N06AB02,2785
1209,N06AB03,2786
663,N06AB04,2787
2068,N06AB05,2788
2436,N06AB06,2789
1230,N06AB08,2790
1111,N06AB09,2791
1053,N06AB10,2792
1490,N06AF01,2793
1907,N06AF02,2794
2123,N06AF03,2795
2715,N06AF04,2796
1480,N06AF05,2797
1479,N06AF06,2798
1825,N06AG02,2799
2702,N06AG03,2800
4006,N06AX01,2801
2780,N06AX02,2802
1796,N06AX03,2803
1958,N06AX04,2804
2717,N06AX05,2805
1890,N06AX06,2806
1812,N06AX07,2807
369,N06AX08,2808
2820,N06AX09,2809
2007,N06AX10,2810
1816,N06AX11,2811
435,N06AX12,2812
1656,N06AX13,2813
2650,N06AX14,2814
2216,N06AX15,2815
2813,N06AX16,2816
1808,N06AX17,2817
2361,N06AX18,2818
4562,N06AX19,2819
972,N06AX21,2820
99,N06AX22,2821
4380,N06AX23,2822
4223,N06AX24,2823
4806,N06AX26,2824
4468,N06AX27,2825
195,N06BA01,2826
841,N06BA02,2827
1732,N06BA03,2828
1767,N06BA04,2829
2075,N06BA05,2830
1146,N06BA06,2831
1826,N06BA07,2832
1157,N06BA08,2833
256,N06BA09,2834
1149,N06BA10,2835
836,N06BA11,2836
4135,N06BA12,2837
4501,N06BA13,2838
5325,N06BA14,2839
463,N06BC01,2840
2296,N06BC02,2841
1651,N06BX01,2842
2333,N06BX02,2843
2197,N06BX03,2844
787,N06BX04,2845
1172,N06BX05,2846
664,N06BX06,2847
2021,N06BX07,2848
2205,N06BX08,2849
4588,N06BX09,2850
1956,N06BX10,2851
221,N06BX11,2852
64,N06BX12,2853
1416,N06BX13,2854
2283,N06BX14,2855
2195,N06BX15,2856
2234,N06BX16,2857
95,N06BX17,2858
2828,N06BX18,2859
4863,N06BX22,2860
2551,N06DA01,2861
946,N06DA02,2862
2392,N06DA03,2863
1272,N06DA04,2864
4808,N06DA05,2865
1679,N06DX01,2866
1897,N07AA01,2867
2330,N07AA02,2868
927,N07AA03,2869
146,N07AA30,2870
488,N07AB01,2871
358,N07AB02,2872
2166,N07AX01,2873
627,N07AX02,2874
584,N07AX03,2875
1920,N07BA01,2876
2808,N07BA03,2877
5217,N07BA04,2878
928,N07BB01,2879
4432,N07BB02,2880
38,N07BB03,2881
1765,N07BB04,2882
1876,N07BB05,2883
434,N07BC01,2884
1728,N07BC02,2885
1571,N07BC03,2886
1593,N07BC04,2887
4586,N07BC05,2888
4412,N07BC06,2889
346,N07CA01,2890
654,N07CA02,2891
1200,N07CA03,2892
71,N07CA04,2893
4063,N07XX01,2894
2382,N07XX02,2895
4566,N07XX04,2896
4336,N07XX05,2897
2609,N07XX06,2898
4163,N07XX07,2899
4192,N07XX08,2900
4825,N07XX10,2901
5048,N07XX11,2902
5313,N07XX12,2903
5227,N07XX13,2904
4156,N07XX14,2905
5319,N07XX15,2906
412,P01AA01,2907
681,P01AA02,2908
3095,P01AA04,2909
2662,P01AA05,2910
1790,P01AB01,2911
2671,P01AB02,2912
1997,P01AB03,2913
264,P01AB04,2914
4025,P01AB05,2915
1938,P01AB06,2916
2427,P01AB07,2917
4393,P01AC02,2918
1105,P01AC03,2919
2576,P01AC04,2920
3007,P01AR01,2921
4419,P01AR02,2922
4849,P01AR03,2923
4362,P01AX01,2924
1001,P01AX02,2925
3433,P01AX04,2926
2338,P01AX05,2927
258,P01AX06,2928
2757,P01AX07,2929
2594,P01AX08,2930
3129,P01AX09,2931
3253,P01AX10,2932
1943,P01AX11,2933
607,P01BA01,2934
1395,P01BA02,2935
2266,P01BA03,2936
186,P01BA06,2937
3578,P01BA07,2938
2282,P01BB01,2939
754,P01BB02,2940
4523,P01BC01,2941
1665,P01BC02,2942
2332,P01BD01,2943
3871,P01BE01,2944
245,P01BE02,2945
247,P01BE03,2946
246,P01BE04,2947
4194,P01BE05,2948
1350,P01BX01,2949
322,P01CA02,2950
1669,P01CB01,2951
4020,P01CB02,2952
1929,P01CC01,2953
1950,P01CC02,2954
3336,P01CD01,2955
55,P01CD02,2956
2090,P01CX01,2957
2966,P01CX02,2958
990,P01CX03,2959
1810,P01CX04,2960
2241,P02BA01,2961
2009,P02BA02,2962
1787,P02BB01,2963
3032,P02BX01,2964
1941,P02BX02,2965
4712,P02BX03,2966
2734,P02BX04,2967
1641,P02CA01,2968
2621,P02CA02,2969
103,P02CA03,2970
3120,P02CA04,2971
1186,P02CA05,2972
4536,P02CA06,2973
2188,P02CB01,2974
873,P02CB02,2975
2999,P02CC01,2976
4005,P02CC02,2977
1561,P02CE01,2978
3972,P02CF01,2979
2335,P02CX01,2980
340,P02CX02,2981
5286,P02CX03,2982
1912,P02DA01,2983
4377,P02DX01,2984
863,P02DX02,2985
3163,P03AA01,2986
3343,P03AA03,2987
928,P03AA04,2988
3601,P03AA05,2989
4396,P03AB01,2990
1583,P03AB02,2991
4700,P03AC01,2992
4354,P03AC02,2993
4686,P03AC03,2994
4152,P03AC04,2995
335,P03AX01,2996
1626,P03AX03,2997
3152,P03AX05,2998
334,P03AX06,2999
4407,P03BA01,3000
4409,P03BA02,3001
4378,P03BA03,3002
4730,P03BA04,3003
4418,P03BX01,3004
4771,P03BX02,3005
4414,P03BX03,3006
4415,P03BX04,3007
4770,P03BX05,3008
4774,P03BX06,3009
755,R01AA02,3010
1024,R01AA03,3011
2146,R01AA04,3012
2032,R01AA05,3013
3591,R01AA06,3014
3658,R01AA07,3015
3369,R01AA08,3016
3620,R01AA09,3017
4671,R01AA10,3018
3637,R01AA11,3019
3225,R01AA12,3020
3445,R01AA13,3021
1028,R01AA14,3022
3298,R01AA15,3023
2146,R01AB01,3024
3369,R01AB02,3025
3591,R01AB03,3026
1024,R01AB05,3027
3658,R01AB06,3028
2032,R01AB07,3029
3637,R01AB08,3030
741,R01AC01,3031
1564,R01AC02,3032
271,R01AC03,3033
224,R01AC04,3034
4050,R01AC05,3035
2642,R01AC06,3036
1889,R01AC07,3037
1986,R01AC08,3038
2245,R01AD02,3039
824,R01AD03,3040
1201,R01AD04,3041
419,R01AD05,3042
348,R01AD06,3043
4064,R01AD07,3044
2725,R01AD11,3045
4554,R01AD12,3046
633,R01AD13,3047
2831,R01AX02,3048
1475,R01AX03,3049
4697,R01AX05,3050
1857,R01AX06,3051
3275,R01AX07,3052
1896,R01AX08,3053
3957,R01AX09,3054
2149,R01BA01,3055
2326,R01BA02,3056
2146,R01BA03,3057
145,R02AA01,3058
4376,R02AA02,3059
3140,R02AA03,3060
597,R02AA05,3061
3083,R02AA06,3062
3018,R02AA09,3063
3095,R02AA11,3064
1374,R02AA12,3065
4317,R02AA13,3066
3290,R02AA14,3067
4249,R02AA15,3068
3017,R02AA16,3069
3082,R02AA17,3070
3275,R02AA18,3071
4266,R02AA19,3072
3394,R02AA21,3073
4247,R02AB01,3074
4739,R02AB02,3075
5112,R02AB03,3076
281,R02AB04,3077
4794,R02AB30,3078
323,R02AD01,3079
1579,R02AD02,3080
723,R02AD03,3081
974,R02AD04,3082
1219,R02AX01,3083
1407,R02AX02,3084
3881,R02AX03,3085
1028,R03AA01,3086
1499,R03AB02,3087
1720,R03AB03,3088
105,R03AC02,3089
2598,R03AC03,3090
1155,R03AC04,3091
2385,R03AC05,3092
1372,R03AC06,3093
1491,R03AC07,3094
2199,R03AC08,3095
2723,R03AC09,3096
506,R03AC10,3097
2782,R03AC11,3098
2419,R03AC12,3099
1239,R03AC13,3100
673,R03AC14,3101
2368,R03AC15,3102
2273,R03AC16,3103
384,R03AC17,3104
4183,R03AC18,3105
4814,R03AC19,3106
419,R03BA02,3107
1201,R03BA03,3108
348,R03BA04,3109
2725,R03BA06,3110
633,R03BA08,3111
4554,R03BA09,3112
1475,R03BB01,3113
2022,R03BB02,3114
2677,R03BB04,3115
4484,R03BB05,3116
4302,R03BB06,3117
4816,R03BB07,3118
5303,R03BB08,3119
741,R03BC01,3120
1889,R03BC03,3121
1163,R03BX01,3122
1024,R03CA02,3123
1499,R03CB01,3124
1755,R03CB02,3125
1720,R03CB03,3126
105,R03CC02,3127
2598,R03CC03,3128
1155,R03CC04,3129
1372,R03CC05,3130
1491,R03CC06,3131
2199,R03CC07,3132
2273,R03CC08,3133
2723,R03CC09,3134
506,R03CC10,3135
2782,R03CC11,3136
285,R03CC12,3137
673,R03CC13,3138
2368,R03CC14,3139
976,R03DA01,3140
4390,R03DA02,3141
2323,R03DA03,3142
2620,R03DA04,3143
2620,R03DA05,3144
3190,R03DA06,3145
2618,R03DA07,3146
287,R03DA08,3147
49,R03DA09,3148
4426,R03DA10,3149
959,R03DA11,3150
2855,R03DC01,3151
2237,R03DC02,3152
1836,R03DC03,3153
1406,R03DC04,3154
182,R03DX01,3155
1038,R03DX02,3156
1163,R03DX03,3157
4972,R03DX05,3158
2432,R03DX06,3159
3531,R03DX07,3160
5093,R03DX08,3161
5061,R03DX09,3162
5263,R03DX10,3163
4738,R05CA01,3164
4296,R05CA02,3165
1336,R05CA03,3166
4838,R05CA07,3167
4859,R05CA08,3168
3485,R05CA09,3169
4587,R05CA11,3170
4259,R05CA13,3171
66,R05CB01,3172
402,R05CB02,3173
4160,R05CB03,3174
1035,R05CB04,3175
1711,R05CB05,3176
147,R05CB06,3177
2454,R05CB07,3178
944,R05CB08,3179
1555,R05CB09,3180
2479,R05CB11,3181
1894,R05CB14,3182
1041,R05CB15,3183
935,R05CB16,3184
3207,R05DA01,3185
1386,R05DA03,3186
725,R05DA04,3187
1969,R05DA06,3188
1973,R05DA07,3189
2154,R05DA08,3190
842,R05DA09,3191
3144,R05DA10,3192
900,R05DA11,3193
69,R05DA12,3194
326,R05DB01,3195
5236,R05DB02,3196
686,R05DB03,3197
1487,R05DB04,3198
494,R05DB05,3199
2023,R05DB07,3200
2018,R05DB09,3201
585,R05DB10,3202
2182,R05DB11,3203
366,R05DB12,3204
442,R05DB13,3205
1139,R05DB14,3206
2864,R05DB15,3207
860,R05DB16,3208
4464,R05DB17,3209
2260,R05DB18,3210
967,R05DB19,3211
707,R05DB21,3212
4656,R05DB22,3213
2189,R05DB23,3214
253,R05DB24,3215
1841,R05DB25,3216
1900,R05DB26,3217
1568,R05DB27,3218
905,R05DB28,3219
404,R06AA01,3220
916,R06AA02,3221
671,R06AA04,3222
617,R06AA06,3223
920,R06AA07,3224
499,R06AA08,3225
962,R06AA09,3226
2754,R06AA10,3227
408,R06AB01,3228
4411,R06AB02,3229
903,R06AB03,3230
616,R06AB04,3231
2132,R06AB05,3232
830,R06AB06,3233
3579,R06AB07,3234
2331,R06AC01,3235
1376,R06AC02,3236
606,R06AC03,3237
2762,R06AC04,3238
1738,R06AC05,3239
2642,R06AC06,3240
2749,R06AD01,3241
2286,R06AD02,3242
2630,R06AD03,3243
1742,R06AD04,3244
4571,R06AD05,3245
2628,R06AD06,3246
1707,R06AD07,3247
2025,R06AD08,3248
1507,R06AD09,3249
416,R06AE01,3250
749,R06AE03,3251
593,R06AE04,3252
1649,R06AE05,3253
2014,R06AE06,3254
581,R06AE07,3255
1566,R06AE09,3256
288,R06AX01,3257
765,R06AX02,3258
2617,R06AX03,3259
2129,R06AX04,3260
224,R06AX05,3261
2763,R06AX07,3262
2334,R06AX08,3263
268,R06AX09,3264
249,R06AX11,3265
2600,R06AX12,3266
1605,R06AX13,3267
1643,R06AX15,3268
808,R06AX16,3269
1530,R06AX17,3270
82,R06AX18,3271
271,R06AX19,3272
2765,R06AX21,3273
977,R06AX22,3274
2169,R06AX23,3275
1027,R06AX24,3276
1824,R06AX25,3277
1170,R06AX26,3278
814,R06AX27,3279
2413,R06AX28,3280
4353,R06AX29,3281
4748,R06AX31,3282
4803,R06AX32,3283
730,R07AA01,3284
953,R07AB01,3285
3383,R07AB02,3286
3428,R07AB03,3287
1074,R07AB04,3288
3013,R07AB05,3289
4333,R07AB06,3290
127,R07AB07,3291
899,R07AB08,3292
1701,R07AB09,3293
1948,R07AX01,3294
4228,R07AX02,3295
589,S01AA01,3296
624,S01AA02,3297
4247,S01AA03,3298
2041,S01AA04,3299
4739,S01AA05,3300
1896,S01AA07,3301
2611,S01AA09,3302
1885,S01AA10,3303
4265,S01AA11,3304
2684,S01AA12,3305
1261,S01AA13,3306
2082,S01AA14,3307
890,S01AA15,3308
4817,S01AA16,3309
1048,S01AA17,3310
4246,S01AA18,3311
198,S01AA19,3312
157,S01AA21,3313
1801,S01AA22,3314
1903,S01AA23,3315
1519,S01AA24,3316
3011,S01AA25,3317
276,S01AA26,3318
565,S01AA27,3319
2807,S01AA28,3320
2512,S01AB01,3321
2529,S01AB02,3322
3560,S01AB03,3323
2497,S01AB04,3324
2523,S01AB05,3325
1417,S01AD01,3326
2743,S01AD02,3327
85,S01AD03,3328
2818,S01AD06,3329
1128,S01AD07,3330
4751,S01AD08,3331
1277,S01AD09,3332
1981,S01AE01,3333
1967,S01AE02,3334
659,S01AE03,3335
1594,S01AE04,3336
1569,S01AE05,3337
1280,S01AE06,3338
1854,S01AE07,3339
4111,S01AE08,3340
1950,S01AX04,3341
4352,S01AX05,3342
3524,S01AX06,3343
4795,S01AX07,3344
3275,S01AX08,3345
597,S01AX09,3346
4796,S01AX10,3347
3137,S01AX14,3348
3493,S01AX15,3349
3467,S01AX16,3350
4249,S01AX18,3351
824,S01BA01,3352
1388,S01BA02,3353
2245,S01BA04,3354
2725,S01BA05,3355
348,S01BA06,3356
1208,S01BA07,3357
1662,S01BA08,3358
3135,S01BA11,3359
3245,S01BA12,3360
2384,S01BA13,3361
1204,S01BA15,3362
1440,S01BC01,3363
2036,S01BC02,3364
865,S01BC03,3365
1219,S01BC04,3366
1529,S01BC05,3367
2210,S01BC06,3368
303,S01BC07,3369
2416,S01BC08,3370
2238,S01BC09,3371
1899,S01BC10,3372
401,S01BC11,3373
824,S01CB01,3374
2245,S01CB02,3375
1388,S01CB03,3376
348,S01CB04,3377
1208,S01CB05,3378
1028,S01EA01,3379
922,S01EA02,3380
229,S01EA03,3381
704,S01EA04,3382
395,S01EA05,3383
2166,S01EB01,3384
488,S01EB02,3385
982,S01EB03,3386
801,S01EB04,3387
2159,S01EB05,3388
1897,S01EB06,3389
1494,S01EB07,3390
4314,S01EB08,3391
65,S01EB09,3392
4683,S01EB10,3393
56,S01EC01,3394
864,S01EC02,3395
949,S01EC03,3396
396,S01EC04,3397
1741,S01EC05,3398
4061,S01ED01,3399
356,S01ED02,3400
431,S01ED03,3401
1779,S01ED04,3402
520,S01ED05,3403
295,S01ED06,3404
1551,S01EE01,3405
371,S01EE03,3406
2716,S01EE04,3407
4229,S01EE05,3408
5261,S01EE06,3409
1342,S01EX01,3410
781,S01EX02,3411
5269,S01EX05,3412
5312,S01EX06,3413
260,S01FA01,3414
2424,S01FA02,3415
1757,S01FA03,3416
757,S01FA04,3417
1379,S01FA05,3418
2774,S01FA06,3419
2146,S01FB01,3420
1024,S01FB02,3421
1405,S01FB03,3422
3369,S01GA01,3423
3591,S01GA02,3424
3658,S01GA03,3425
2032,S01GA04,3426
2146,S01GA05,3427
3577,S01GA06,3428
395,S01GA07,3429
741,S01GX01,3430
1564,S01GX02,3431
4050,S01GX03,3432
1889,S01GX04,3433
3325,S01GX05,3434
999,S01GX06,3435
271,S01GX07,3436
1530,S01GX08,3437
1986,S01GX09,3438
1027,S01GX10,3439
4165,S01GX11,3440
723,S01HA01,3441
3016,S01HA02,3442
2610,S01HA03,3443
2294,S01HA04,3444
2271,S01HA05,3445
859,S01HA06,3446
1579,S01HA07,3447
1207,S01JA01,3448
4637,S01JA02,3449
3957,S01KA01,3450
5040,S01KX01,3451
2816,S01LA01,3452
217,S01LA02,3453
4905,S01LA03,3454
4971,S01LA04,3455
4916,S01LA05,3456
5363,S01LA06,3457
3272,S01XA01,3458
2831,S01XA02,3459
4296,S01XA04,3460
4708,S01XA05,3461
3207,S01XA06,3462
4325,S01XA07,3463
66,S01XA08,3464
3301,S01XA10,3465
1879,S01XA11,3466
838,S01XA12,3467
5141,S01XA13,3468
1358,S01XA14,3469
4072,S01XA15,3470
760,S01XA18,3471
768,S01XA21,3472
5004,S01XA22,3473
2446,S01XA23,3474
5235,S01XA24,3475
5174,S01XA25,3476
2834,S01XA26,3477
589,S02AA01,3478
1950,S02AA02,3479
3035,S02AA03,3480
4762,S02AA04,3481
681,S02AA05,3482
3281,S02AA06,3483
4247,S02AA07,3484
2611,S02AA08,3485
597,S02AA09,3486
4211,S02AA10,3487
4246,S02AA11,3488
4817,S02AA12,3489
1800,S02AA13,3490
4265,S02AA14,3491
659,S02AA15,3492
1981,S02AA16,3493
1388,S02BA01,3494
2245,S02BA03,3495
824,S02BA06,3496
348,S02BA07,3497
1204,S02BA08,3498
1579,S02DA01,3499
723,S02DA02,3500
861,S02DA03,3501
859,S02DA04,3502
4247,S03AA01,3503
2611,S03AA02,3504
4246,S03AA03,3505
597,S03AA04,3506
3275,S03AA05,3507
4265,S03AA06,3508
659,S03AA07,3509
589,S03AA08,3510
824,S03BA01,3511
2245,S03BA02,3512
348,S03BA03,3513
1877,V03AB02,3514
2231,V03AB04,3515
4797,V03AB08,3516
3150,V03AB09,3517
4676,V03AB13,3518
5034,V03AB14,3519
1878,V03AB15,3520
1076,V03AB16,3521
1763,V03AB17,3522
4699,V03AB18,3523
2159,V03AB19,3524
4282,V03AB20,3525
4296,V03AB21,3526
205,V03AB22,3527
66,V03AB23,3528
1195,V03AB25,3529
3347,V03AB26,3530
4312,V03AB27,3531
4860,V03AB31,3532
1312,V03AB32,3533
4309,V03AB33,3534
1233,V03AB34,3535
4233,V03AB35,3536
2142,V03AB36,3537
5055,V03AB37,3538
5336,V03AB38,3539
792,V03AC01,3540
4188,V03AC02,3541
3128,V03AC03,3542
4324,V03AE02,3543
4585,V03AE03,3544
4430,V03AE04,3545
5121,V03AE05,3546
4851,V03AE06,3547
4287,V03AE07,3548
4538,V03AE08,3549
5056,V03AE09,3550
5225,V03AE10,3551
1711,V03AF01,3552
839,V03AF02,3553
1232,V03AF03,3554
4384,V03AF04,3555
156,V03AF05,3556
1232,V03AF06,3557
4994,V03AF07,3558
4804,V03AF08,3559
5138,V03AF09,3560
4384,V03AF10,3561
854,V03AH01,3562
4235,V03AN01,3563
4256,V03AN02,3564
4262,V03AN03,3565
4251,V03AN04,3566
4673,V03AX02,3567
4299,V03AX03,3568
1076,V03AZ01,3569
2696,V04CA01,3570
845,V04CA02,3571
2462,V04CC01,3572
4290,V04CC02,3573
4627,V04CC03,3574
579,V04CC04,3575
1791,V04CD01,3576
2433,V04CD03,3577
4858,V04CD04,3578
4710,V04CD05,3579
5271,V04CD06,3580
1271,V04CE01,3581
2531,V04CE02,3582
357,V04CG02,3583
1375,V04CG03,3584
2088,V04CG04,3585
1763,V04CG05,3586
4575,V04CH02,3587
3439,V04CH03,3588
139,V04CH04,3589
165,V04CH30,3590
4930,V04CJ01,3591
2316,V04CJ02,3592
2548,V04CK01,3593
316,V04CK03,3594
2958,V04CM01,3595
3300,V04CX01,3596
1231,V04CX02,3597
1726,V04CX03,3598
935,V04CX04,3599
4323,V04CX05,3600
167,V04CX06,3601
988,V04CX07,3602
845,V06DC01,3603
1252,V06DC02,3604
851,V08AA01,3605
1789,V08AA02,3606
1452,V08AA03,3607
1469,V08AA04,3608
4582,V08AA05,3609
4580,V08AA06,3610
63,V08AA07,3611
1450,V08AA08,3612
3346,V08AA09,3613
4449,V08AA10,3614
1788,V08AB01,3615
1461,V08AB02,3616
1472,V08AB03,3617
1464,V08AB04,3618
1468,V08AB05,3619
1470,V08AB06,3620
1471,V08AB07,3621
1466,V08AB08,3622
3302,V08AB09,3623
1463,V08AB10,3624
1449,V08AB11,3625
1473,V08AB12,3626
3966,V08AC01,3627
3991,V08AC02,3628
3306,V08AC03,3629
1455,V08AC04,3630
3759,V08AC05,3631
1465,V08AC06,3632
1451,V08AC07,3633
1474,V08AC08,3634
2785,V08AC09,3635
1474,V08AC10,3636
4581,V08AD02,3637
2306,V08AD03,3638
1467,V08AD04,3639
4558,V08CA01,3640
4559,V08CA02,3641
4494,V08CA03,3642
1268,V08CA04,3643
4532,V08CA05,3644
4147,V08CA06,3645
4557,V08CA08,3646
4179,V08CA09,3647
3259,V08CA10,3648
3258,V08CA11,3649
5146,V08CB01,3650
4443,V08CB03,3651
2102,V08CX01,3652
1271,V08DA02,3653
4685,V08DA03,3654
4301,V09AX04,3655
4285,V09AX05,3656
4818,V09AX06,3657
4845,V09CX04,3658
4059,V09DX01,3659
4584,V09EX01,3660
4370,V09EX02,3661
4371,V09EX03,3662
5038,V09FX03,3663
5124,V09GA01,3664
5184,V09GX04,3665
4560,V09HX01,3666
5127,V09IA06,3667
4755,V09IA09,3668
1448,V09IX01,3669
4577,V09IX02,3670
4455,V09IX04,3671
4550,V09IX05,3672
4488,V09IX06,3673
4551,V09IX08,3674
5185,V09IX09,3675
5153,V09IX12,3676
4578,V09XA02,3677
4847,V09XX01,3678
4537,V09XX04,3679
4533,V10BX02,3680
5038,V10XA01,3681
4577,V10XA02,3682
5036,V10XX01,3683
4984,V10XX02,3684
4800,V10XX03,3685
5275,V10XX04,3686
4243,A01AA51,3687
2245,A01AC54,3688
4926,A02AF01,3689
645,A02BA51,3690
1129,A02BA53,3691
1547,A02BC53,3692
2350,A02BC54,3693
1990,A02BD01,3694
192,A02BD01,3695
1790,A02BD01,3696
1547,A02BD02,3697
2611,A02BD02,3698
1790,A02BD02,3699
1547,A02BD03,3700
192,A02BD03,3701
1790,A02BD03,3702
2054,A02BD04,3703
192,A02BD04,3704
668,A02BD04,3705
1990,A02BD05,3706
192,A02BD05,3707
668,A02BD05,3708
1055,A02BD06,3709
192,A02BD06,3710
668,A02BD06,3711
1547,A02BD07,3712
192,A02BD07,3713
668,A02BD07,3714
4355,A02BD08,3715
2611,A02BD08,3716
1790,A02BD08,3717
1547,A02BD09,3718
668,A02BD09,3719
2671,A02BD09,3720
1547,A02BD10,3721
192,A02BD10,3722
1569,A02BD10,3723
2054,A02BD11,3724
192,A02BD11,3725
668,A02BD11,3726
1790,A02BD11,3727
2350,A02BD12,3728
192,A02BD12,3729
668,A02BD12,3730
2350,A02BD13,3731
192,A02BD13,3732
1790,A02BD13,3733
4993,A02BD14,3734
192,A02BD14,3735
668,A02BD14,3736
4993,A02BD15,3737
192,A02BD15,3738
1790,A02BD15,3739
493,A02BX51,3740
493,A02BX71,3741
1281,A02BX77,3742
2039,A03AB53,3743
142,A03AX58,3744
1500,A03CA01,3745
676,A03CA02,3746
2026,A03CA03,3747
2003,A03CA04,3748
4302,A03CA05,3749
3024,A03CA06,3750
149,A03CA07,3751
915,A03CA08,3752
2185,A03CA09,3753
1000,A03CA30,3754
2293,A03CA34,3755
1757,A03CB01,3756
260,A03CB03,3757
1380,A03CB04,3758
1402,A03CB31,3759
2215,A03DA02,3760
3024,A03DA03,3761
635,A03DA04,3762
472,A03DA05,3763
2776,A03DA06,3764
2660,A03DA07,3765
458,A03DB04,3766
2046,A04AA55,3767
2424,A04AD51,3768
3092,A04AD54,3769
375,A06AB52,3770
3125,A06AB53,3771
4779,A06AB58,3772
1536,A06AD61,3773
4253,A06AD65,3774
3125,A06AG03,3775
941,A06AG10,3776
4247,A07AA51,3777
2481,A07AA54,3778
1845,A07DA52,3779
1599,A07DA53,3780
1024,A08AA56,3781
435,A08AA62,3782
1765,A08AA62,3783
4960,A10AD06,3784
4981,A10AD06,3785
4901,A10AE54,3786
4815,A10AE54,3787
4960,A10AE56,3788
4164,A10AE56,3789
2126,A10BD01,3790
1725,A10BD02,3791
1725,A10BD03,3792
2405,A10BD03,3793
1300,A10BD04,3794
2405,A10BD04,3795
1725,A10BD05,3796
2179,A10BD05,3797
1300,A10BD06,3798
2179,A10BD06,3799
1725,A10BD07,3800
2448,A10BD07,3801
1725,A10BD08,3802
3642,A10BD08,3803
2179,A10BD09,3804
4340,A10BD09,3805
1725,A10BD10,3806
4114,A10BD10,3807
1725,A10BD11,3808
4175,A10BD11,3809
2179,A10BD12,3810
2448,A10BD12,3811
1725,A10BD13,3812
4340,A10BD13,3813
1725,A10BD14,3814
2366,A10BD14,3815
1725,A10BD15,3816
4304,A10BD15,3817
1725,A10BD16,3818
4758,A10BD16,3819
1725,A10BD17,3820
39,A10BD17,3821
1725,A10BD18,3822
4833,A10BD18,3823
4175,A10BD19,3824
4830,A10BD19,3825
1725,A10BD20,3826
4830,A10BD20,3827
4114,A10BD21,3828
4304,A10BD21,3829
1725,A10BD22,3830
5239,A10BD22,3831
1725,A10BD23,3832
5270,A10BD23,3833
2448,A10BD24,3834
5270,A10BD24,3835
1725,A10BD25,3836
4114,A10BD25,3837
4304,A10BD25,3838
1725,A10BD26,3839
5078,A10BD26,3840
2448,A10BH51,3841
2445,A10BH51,3842
4833,A10BH52,3843
2406,A10BH52,3844
4277,A11AA01,3845
2840,A11CC55,3846
4072,A11GB01,3847
4199,A12BA51,3848
4373,A16AX30,3849
4624,A16AX30,3850
1358,B01AB51,3851
74,B01AC56,3852
5173,B02BD06,3853
5019,B02BD06,3854
4277,B03AE01,3855
4196,B03AE01,3856
1231,B03AE01,3857
4277,B03AE02,3858
1231,B03AE02,3859
4277,B03AE03,3860
4277,B03AE04,3861
4196,B03BA51,3862
4309,B03BA53,3863
1231,B03BB51,3864
4527,B05XA06,3865
5135,B06AA02,3866
68,C01AA52,3867
2313,C01AB51,3868
2346,C01BA51,3869
2346,C01BA71,3870
1101,C01CA51,3871
1952,C01DA52,3872
2087,C01DA55,3873
2295,C01DA57,3874
1505,C01DA58,3875
2770,C01DA59,3876
1047,C01DA63,3877
4583,C01DX51,3878
2261,C01DX52,3879
2030,C01DX53,3880
321,C01DX54,3881
2370,C02AA52,3882
3687,C02AA57,3883
4337,C02KX52,3884
2553,C02KX52,3885
2370,C02LA01,3886
2369,C02LA02,3887
810,C02LA03,3888
1750,C02LA04,3889
3687,C02LA07,3890
2550,C02LA09,3891
2370,C02LA51,3892
2369,C02LA52,3893
2370,C02LA71,3894
1762,C02LB01,3895
704,C02LC01,3896
1856,C02LC05,3897
704,C02LC51,3898
4209,C02LE01,3899
1342,C02LF01,3900
884,C02LG01,3901
1384,C02LG02,3902
4689,C02LG03,3903
884,C02LG51,3904
4689,C02LG73,3905
2065,C02LL01,3906
2173,C02LX01,3907
305,C03AB01,3908
1392,C03AB02,3909
1385,C03AB03,3910
609,C03AB04,3911
2228,C03AB05,3912
2733,C03AB06,3913
756,C03AB07,3914
1759,C03AB08,3915
761,C03AB09,3916
609,C03AH01,3917
1392,C03AH02,3918
1385,C03AX01,3919
712,C03BA82,3920
2343,C03BB02,3921
706,C03BB03,3922
625,C03BB04,3923
1666,C03BB05,3924
693,C03BB07,3925
1258,C03CB01,3926
427,C03CB02,3927
1385,C03EA01,3928
2733,C03EA02,3929
1031,C03EA03,3930
140,C03EA04,3931
1645,C03EA05,3932
625,C03EA06,3933
756,C03EA07,3934
1783,C03EA12,3935
305,C03EA13,3936
446,C03EA14,3937
1258,C03EB01,3938
427,C03EB02,3939
5035,C04AE51,3940
887,C04AE54,3941
1358,C05BA53,3942
845,C05BB56,3943
936,C05BX51,3944
3535,C05CA51,3945
3157,C05CA53,3946
2778,C05CA54,3947
2027,C07BA02,3948
2303,C07BA05,3949
4061,C07BA06,3950
2464,C07BA07,3951
1865,C07BA12,3952
1779,C07BA68,3953
1786,C07BB02,3954
255,C07BB03,3955
40,C07BB04,3956
360,C07BB06,3957
380,C07BB07,3958
1887,C07BB12,3959
1786,C07BB52,3960
1531,C07BG01,3961
2027,C07CA02,3962
2176,C07CA03,3963
389,C07CA17,3964
2078,C07CA23,3965
1786,C07CB02,3966
255,C07CB03,3967
255,C07CB53,3968
1531,C07CG01,3969
4061,C07DA06,3970
255,C07DB01,3971
1786,C07FB02,3972
1142,C07FB02,3973
255,C07FB03,3974
1922,C07FB03,3975
380,C07FB07,3976
183,C07FB07,3977
1887,C07FB12,3978
183,C07FB12,3979
1786,C07FB13,3980
183,C07FB13,3981
2303,C07FX01,3982
2464,C07FX02,3983
74,C07FX02,3984
1786,C07FX03,3985
74,C07FX03,3986
380,C07FX04,3987
74,C07FX04,3988
1786,C07FX05,3989
3312,C07FX05,3990
522,C07FX06,3991
3312,C07FX06,3992
183,C08CA51,3993
568,C08CA51,3994
1922,C08CA55,3995
2815,C08DA51,3996
1922,C08GA01,3997
183,C08GA02,3998
484,C09BA01,3999
1005,C09BA02,4000
1587,C09BA03,4001
2108,C09BA04,4002
2356,C09BA05,4003
2340,C09BA06,4004
299,C09BA07,4005
641,C09BA08,4006
1245,C09BA09,4007
798,C09BA12,4008
1827,C09BA13,4009
2866,C09BA15,4010
1005,C09BB02,4011
4157,C09BB02,4012
1587,C09BB03,4013
183,C09BB03,4014
2108,C09BB04,4015
183,C09BB04,4016
2356,C09BB05,4017
1142,C09BB05,4018
1005,C09BB06,4019
1947,C09BB06,4020
2356,C09BB07,4021
183,C09BB07,4022
2712,C09BB10,4023
2815,C09BB10,4024
798,C09BB12,4025
1631,C09BB12,4026
2108,C09BX01,4027
183,C09BX01,4028
1433,C09BX01,4029
2108,C09BX02,4030
380,C09BX02,4031
2356,C09BX03,4032
183,C09BX03,4033
1385,C09BX03,4034
2108,C09BX04,4035
380,C09BX04,4036
183,C09BX04,4037
2356,C09BX05,4038
380,C09BX05,4039
1610,C09DA01,4040
1037,C09DA02,4041
2806,C09DA03,4042
1481,C09DA04,4043
2583,C09DA07,4044
1985,C09DA08,4045
4322,C09DA09,4046
4906,C09DA10,4047
2806,C09DB01,4048
183,C09DB01,4049
1985,C09DB02,4050
183,C09DB02,4051
2583,C09DB04,4052
183,C09DB04,4053
1481,C09DB05,4054
183,C09DB05,4055
1610,C09DB06,4056
183,C09DB06,4057
183,C09DB07,4058
2806,C09DB08,4059
4157,C09DB08,4060
4906,C09DB09,4061
183,C09DB09,4062
2806,C09DX01,4063
183,C09DX01,4064
1385,C09DX01,4065
2806,C09DX02,4066
119,C09DX02,4067
1985,C09DX03,4068
183,C09DX03,4069
1385,C09DX03,4070
2806,C09DX04,4071
5012,C09DX04,4072
2806,C09DX05,4073
1887,C09DX05,4074
183,C09DX06,4075
1385,C09DX06,4076
1481,C09DX07,4077
183,C09DX07,4078
1385,C09DX07,4079
119,C09XA52,4080
1385,C09XA52,4081
119,C09XA53,4082
183,C09XA53,4083
119,C09XA54,4084
183,C09XA54,4085
1385,C09XA54,4086
2835,C10AD52,4087
1612,C10BA01,4088
2835,C10BA01,4089
2445,C10BA02,4090
1125,C10BA02,4091
2239,C10BA03,4092
1152,C10BA03,4093
2445,C10BA04,4094
1152,C10BA04,4095
257,C10BA05,4096
1125,C10BA05,4097
2406,C10BA06,4098
1125,C10BA06,4099
2406,C10BA07,4100
257,C10BA08,4101
2406,C10BA09,4102
1152,C10BA09,4103
5382,C10BA10,4104
1125,C10BA10,4105
2445,C10BX01,4106
74,C10BX01,4107
2239,C10BX02,4108
74,C10BX02,4109
257,C10BX03,4110
183,C10BX03,4111
2445,C10BX04,4112
74,C10BX04,4113
2356,C10BX04,4114
2406,C10BX05,4115
74,C10BX05,4116
257,C10BX06,4117
74,C10BX06,4118
2356,C10BX06,4119
2406,C10BX07,4120
183,C10BX07,4121
1587,C10BX07,4122
257,C10BX08,4123
74,C10BX08,4124
2406,C10BX09,4125
183,C10BX09,4126
2406,C10BX10,4127
2806,C10BX10,4128
257,C10BX11,4129
183,C10BX11,4130
2108,C10BX11,4131
257,C10BX12,4132
74,C10BX12,4133
2108,C10BX12,4134
2406,C10BX13,4135
2108,C10BX13,4136
1433,C10BX13,4137
2406,C10BX14,4138
183,C10BX14,4139
2108,C10BX14,4140
257,C10BX15,4141
2108,C10BX15,4142
2406,C10BX16,4143
4906,C10BX16,4144
2406,C10BX17,4145
2356,C10BX17,4146
257,C10BX18,4147
183,C10BX18,4148
2356,C10BX18,4149
1800,D01AC52,4150
370,D01AC60,4151
3446,D01AE54,4152
4264,D02AE51,4153
5051,D03BA52,4154
226,D05AC51,4155
465,D05AX52,4156
2571,D05AX55,4157
4142,D06BA51,4158
85,D06BB53,4159
2245,D07BA01,4160
1388,D07BA04,4161
4548,D07BB01,4162
3135,D07BB02,4163
2725,D07BB03,4164
3959,D07BB04,4165
348,D07BC01,4166
1204,D07BC02,4167
1206,D07BC03,4168
3141,D07BC04,4169
1388,D07CA01,4170
1768,D07CA02,4171
2245,D07CA03,4172
2725,D07CB01,4173
4553,D07CB02,4174
1208,D07CB03,4175
824,D07CB04,4176
4548,D07CB05,4177
348,D07CC01,4178
1204,D07CC02,4179
1217,D07CC03,4180
1205,D07CC05,4181
1206,D07CC06,4182
597,D08AC52,4183
4446,D08AG01,4184
3394,D08AJ57,4185
3018,D08AJ58,4186
4462,D08AJ59,4187
4332,D08AX53,4188
2722,D10AD51,4189
87,D10AD53,4190
1508,D10AD54,4191
328,D10AE51,4192
678,D10AF51,4193
1048,D10AF52,4194
1276,D11AX52,4195
1977,G01AA51,4196
983,G01AF55,4197
3394,G01AX66,4198
1764,G02AC01,4199
2042,G02AC01,4200
1095,G03AA01,4201
1082,G03AA01,4202
1082,G03AA02,4203
1620,G03AA03,4204
1082,G03AA03,4205
1082,G03AA04,4206
1962,G03AA05,4207
1082,G03AA05,4208
1572,G03AA06,4209
1082,G03AA06,4210
1572,G03AA07,4211
1082,G03AA07,4212
1659,G03AA08,4213
1082,G03AA08,4214
818,G03AA09,4215
1082,G03AA09,4216
1291,G03AA10,4217
1082,G03AA10,4218
1968,G03AA11,4219
1082,G03AA11,4220
968,G03AA12,4221
1082,G03AA12,4222
1959,G03AA13,4223
1082,G03AA13,4224
4567,G03AA14,4225
1057,G03AA14,4226
600,G03AA15,4227
1082,G03AA15,4228
871,G03AA16,4229
1082,G03AA16,4230
1659,G03AA17,4231
1057,G03AA17,4232
968,G03AA18,4233
5450,G03AA18,4234
1082,G03AB01,4235
1620,G03AB02,4236
1082,G03AB02,4237
1572,G03AB03,4238
1082,G03AB03,4239
1962,G03AB04,4240
1082,G03AB04,4241
818,G03AB05,4242
1082,G03AB05,4243
1291,G03AB06,4244
1082,G03AB06,4245
600,G03AB07,4246
1082,G03AB07,4247
871,G03AB08,4248
1057,G03AB08,4249
1968,G03AB09,4250
1082,G03AB09,4251
1057,G03CA53,4252
4855,G03CC07,4253
4334,G03CC07,4254
3356,G03EA01,4255
2607,G03EA02,4256
795,G03EA03,4257
1962,G03FA01,4258
1084,G03FA03,4259
2279,G03FA04,4260
1970,G03FA05,4261
1095,G03FA06,4262
1620,G03FA07,4263
1965,G03FA09,4264
1572,G03FA10,4265
1572,G03FA11,4266
1659,G03FA12,4267
1968,G03FA13,4268
975,G03FA14,4269
871,G03FA15,4270
4736,G03FA16,4271
968,G03FA17,4272
1572,G03FB01,4273
1620,G03FB02,4274
600,G03FB03,4275
1962,G03FB05,4276
1659,G03FB06,4277
1657,G03FB07,4278
975,G03FB08,4279
1572,G03FB09,4280
818,G03FB10,4281
4736,G03FB11,4282
4567,G03FB12,4283
1805,G03XB51,4284
2056,G04BE52,4285
115,G04CA51,4286
1171,G04CA51,4287
2562,G04CA52,4288
973,G04CA52,4289
2562,G04CA53,4290
2457,G04CA53,4291
2562,G04CA54,4292
2553,G04CA54,4293
5432,H01CC54,4294
1057,H01CC54,4295
1962,H01CC54,4296
1768,H02BX01,4297
1585,H03AA03,4298
1745,H03BB52,4299
2041,J01AA56,4300
2624,J01BA52,4301
198,J01CA51,4302
198,J01CR01,4303
192,J01CR02,4304
2656,J01CR03,4305
2187,J01CR05,4306
546,J01DD51,4307
559,J01DD52,4308
564,J01DD54,4309
543,J01DD62,4310
564,J01DD63,4311
1426,J01DH51,4312
640,J01DH51,4313
1709,J01DH52,4314
5253,J01DH52,4315
2053,J01DH55,4316
355,J01DH55,4317
1426,J01DH56,4318
640,J01DH56,4319
5342,J01DH56,4320
4922,J01DI54,4321
2514,J01EE01,4322
2755,J01EE01,4323
2500,J01EE02,4324
2755,J01EE02,4325
2518,J01EE03,4326
2755,J01EE03,4327
2520,J01EE04,4328
2755,J01EE04,4329
2502,J01EE05,4330
2755,J01EE05,4331
2500,J01EE06,4332
2615,J01EE06,4333
2510,J01EE07,4334
2755,J01EE07,4335
2349,J01FG02,4336
778,J01FG02,4337
565,J01RA03,4338
1790,J01RA03,4339
4711,J01RA04,4340
1790,J01RA04,4341
1569,J01RA05,4342
1997,J01RA05,4343
535,J01RA06,4344
157,J01RA06,4345
276,J01RA07,4346
1187,J01RA07,4347
2427,J01RA07,4348
2611,J01RA08,4349
1983,J01RA08,4350
1981,J01RA09,4351
1997,J01RA09,4352
659,J01RA10,4353
1790,J01RA10,4354
659,J01RA11,4355
2671,J01RA11,4356
659,J01RA12,4357
1997,J01RA12,4358
1967,J01RA13,4359
2671,J01RA13,4360
1949,J01XE51,4361
1497,J04AC51,4362
2481,J04AM01,4363
1497,J04AM01,4364
2377,J04AM02,4365
1497,J04AM02,4366
1073,J04AM03,4367
1497,J04AM03,4368
2631,J04AM04,4369
1497,J04AM04,4370
2377,J04AM05,4371
2328,J04AM05,4372
1497,J04AM05,4373
2377,J04AM06,4374
2328,J04AM06,4375
1073,J04AM06,4376
1497,J04AM06,4377
2377,J04AM07,4378
1073,J04AM07,4379
1497,J04AM07,4380
1497,J04AM08,4381
2514,J04AM08,4382
2755,J04AM08,4383
2836,J04AM08,4384
4811,J05AP51,4385
4899,J05AP51,4386
4914,J05AP52,4387
4912,J05AP52,4388
4913,J05AP52,4389
2391,J05AP52,4390
4912,J05AP53,4391
4913,J05AP53,4392
2391,J05AP53,4393
5080,J05AP54,4394
5081,J05AP54,4395
4811,J05AP55,4396
5154,J05AP55,4397
4811,J05AP56,4398
5154,J05AP56,4399
5242,J05AP56,4400
5243,J05AP57,4401
5244,J05AP57,4402
4875,J05AP58,4403
4889,J05AP58,4404
5215,J05AP58,4405
2861,J05AR01,4406
1539,J05AR01,4407
1539,J05AR02,4408
34,J05AR02,4409
2593,J05AR03,4410
1003,J05AR03,4411
2861,J05AR04,4412
1539,J05AR04,4413
34,J05AR04,4414
2861,J05AR05,4415
1539,J05AR05,4416
1904,J05AR05,4417
1003,J05AR06,4418
2593,J05AR06,4419
989,J05AR06,4420
2478,J05AR07,4421
1539,J05AR07,4422
1904,J05AR07,4423
1003,J05AR08,4424
2593,J05AR08,4425
4174,J05AR08,4426
1003,J05AR09,4427
2593,J05AR09,4428
4300,J05AR09,4429
4299,J05AR09,4430
1601,J05AR10,4431
2391,J05AR10,4432
1539,J05AR11,4433
2593,J05AR11,4434
989,J05AR11,4435
1539,J05AR12,4436
2593,J05AR12,4437
1539,J05AR13,4438
34,J05AR13,4439
4805,J05AR13,4440
4143,J05AR14,4441
4299,J05AR14,4442
254,J05AR15,4443
4299,J05AR15,4444
1539,J05AR16,4445
2352,J05AR16,4446
1003,J05AR17,4447
4944,J05AR17,4448
1003,J05AR18,4449
4944,J05AR18,4450
4300,J05AR18,4451
4299,J05AR18,4452
1003,J05AR19,4453
4944,J05AR19,4454
4174,J05AR19,4455
1003,J05AR20,4456
4944,J05AR20,4457
5274,J05AR20,4458
4805,J05AR21,4459
4174,J05AR21,4460
1003,J05AR22,4461
4944,J05AR22,4462
4143,J05AR22,4463
4299,J05AR22,4464
254,J05AR23,4465
2391,J05AR23,4466
1539,J05AR24,4467
2593,J05AR24,4468
5295,J05AR24,4469
1539,J05AR25,4470
4805,J05AR25,4471
4143,J05AR26,4472
2391,J05AR26,4473
1539,J05AR27,4474
2593,J05AR27,4475
4805,J05AR27,4476
26,L01BC52,4477
4398,L01BC53,4478
2743,L01BC59,4479
770,L01XY01,4480
786,L01XY01,4481
4957,L01XY02,4482
4979,L01XY02,4483
1559,L02AE51,4484
367,L02AE51,4485
5164,L03AB60,4486
5158,L03AB61,4487
1440,M01AB51,4488
865,M01AB55,4489
1676,M01AC56,4490
1407,M01AE51,4491
1883,M01AE52,4492
1055,M01AE52,4493
1528,M01AE53,4494
1883,M01AE56,4495
1817,M01AE56,4496
1169,M01AX68,4497
2145,M01BA01,4498
3160,M01BA02,4499
74,M01BA03,4500
2137,M03BA51,4501
509,M03BA52,4502
1747,M03BA53,4503
2137,M03BA71,4504
509,M03BA72,4505
1747,M03BA73,4506
603,M03BB52,4507
626,M03BB53,4508
603,M03BB72,4509
626,M03BB73,4510
1999,M03BC51,4511
4731,M03BX55,4512
124,M04AA51,4513
1098,M05BB01,4514
2387,M05BB02,4515
112,M05BB03,4516
2840,M05BB03,4517
2387,M05BB04,4518
2840,M05BB04,4519
112,M05BB05,4520
2840,M05BB05,4521
112,M05BB06,4522
130,M05BB06,4523
2387,M05BB07,4524
2840,M05BB07,4525
2868,M05BB08,4526
2840,M05BB08,4527
1404,M05BB09,4528
2840,M05BB09,4529
4714,M05BX53,4530
2840,M05BX53,4531
4523,M09AA72,4532
1164,N01AH51,4533
4238,N01AX63,4534
2271,N01BA52,4535
2610,N01BA53,4536
432,N01BB51,4537
1579,N01BB52,4538
1700,N01BB53,4539
2265,N01BB54,4540
1097,N01BB57,4541
3070,N01BB58,4542
432,N01BB59,4543
1676,N01BB59,4544
1845,N02AA51,4545
1393,N02AA53,4546
1878,N02AA53,4547
2029,N02AA55,4548
1878,N02AA55,4549
2029,N02AA56,4550
1765,N02AA56,4551
886,N02AA58,4552
725,N02AA59,4553
725,N02AA79,4554
1690,N02AB52,4555
1690,N02AB72,4556
1728,N02AC52,4557
844,N02AC54,4558
844,N02AC74,4559
1845,N02AG01,4560
1526,N02AG02,4561
1690,N02AG03,4562
1393,N02AG04,4563
886,N02AJ01,4564
52,N02AJ01,4565
886,N02AJ02,4566
74,N02AJ02,4567
886,N02AJ03,4568
725,N02AJ06,4569
52,N02AJ06,4570
725,N02AJ07,4571
74,N02AJ07,4572
725,N02AJ08,4573
1407,N02AJ08,4574
725,N02AJ09,4575
2711,N02AJ13,4576
52,N02AJ13,4577
2711,N02AJ14,4578
833,N02AJ14,4579
2711,N02AJ15,4580
2029,N02AJ17,4581
52,N02AJ17,4582
2029,N02AJ18,4583
74,N02AJ18,4584
2029,N02AJ19,4585
1407,N02AJ19,4586
74,N02BA51,4587
2415,N02BA55,4588
1080,N02BA57,4589
3160,N02BA59,4590
74,N02BA71,4591
2415,N02BA75,4592
1080,N02BA77,4593
3160,N02BA79,4594
861,N02BB51,4595
4659,N02BB52,4596
171,N02BB53,4597
2309,N02BB54,4598
861,N02BB71,4599
4659,N02BB72,4600
171,N02BB73,4601
2309,N02BB74,4602
52,N02BE51,4603
2115,N02BE53,4604
413,N02BE54,4605
52,N02BE71,4606
2115,N02BE73,4607
413,N02BE74,4608
888,N02CA51,4609
1043,N02CA52,4610
1043,N02CA72,4611
2152,N03AB52,4612
1695,N03AB54,4613
1087,N03AD51,4614
1567,N04BA02,4615
1567,N04BA03,4616
1673,N04BA05,4617
4422,N04BA06,4618
1606,N05BA56,4619
1400,N05BB51,4620
1704,N05BC51,4621
1704,N05CX01,4622
1739,N05CX02,4623
1687,N05CX03,4624
602,N05CX04,4625
1000,N05CX05,4626
4772,N05CX06,4627
180,N06CA01,4628
1675,N06CA02,4629
1209,N06CA03,4630
946,N06DA52,4631
1679,N06DA52,4632
946,N06DA53,4633
1679,N06DA53,4634
1897,N07AA51,4635
434,N07BC51,4636
654,N07CA52,4637
842,N07XX59,4638
681,P01AA52,4639
1790,P01AB51,4640
4849,P01AR53,4641
1001,P01AX52,4642
2282,P01BB51,4643
2332,P01BD51,4644
245,P01BF01,4645
1617,P01BF01,4646
247,P01BF02,4647
1665,P01BF02,4648
247,P01BF03,4649
186,P01BF03,4650
247,P01BF04,4651
2517,P01BF04,4652
2332,P01BF04,4653
4194,P01BF05,4654
4193,P01BF05,4655
247,P01BF06,4656
4339,P01BF06,4657
5090,P01BX02,4658
4193,P01BX02,4659
1641,P02CA51,4660
928,P03AA54,4661
4396,P03AB51,4662
4700,P03AC51,4663
4354,P03AC52,4664
4686,P03AC53,4665
4152,P03AC54,4666
741,R01AC51,4667
2245,R01AD52,4668
824,R01AD53,4669
4064,R01AD57,4670
1388,R01AD60,4671
2149,R01BA51,4672
2326,R01BA52,4673
2146,R01BA53,4674
1028,R03AK01,4675
1499,R03AK02,4676
105,R03AK04,4677
741,R03AK04,4678
2368,R03AK05,4679
741,R03AK05,4680
2419,R03AK06,4681
1239,R03AK07,4682
419,R03AK07,4683
1239,R03AK08,4684
1239,R03AK09,4685
4799,R03AK10,4686
4554,R03AK10,4687
1239,R03AK11,4688
2419,R03AK12,4689
419,R03AK12,4690
105,R03AK13,4691
4183,R03AK14,4692
1155,R03AL01,4693
1475,R03AL01,4694
105,R03AL02,4695
1475,R03AL02,4696
4799,R03AL03,4697
4816,R03AL03,4698
4183,R03AL04,4699
4302,R03AL04,4700
1239,R03AL05,4701
4484,R03AL05,4702
4814,R03AL06,4703
2677,R03AL06,4704
1239,R03AL07,4705
4302,R03AL07,4706
4799,R03AL08,4707
4816,R03AL08,4708
4554,R03AL08,4709
1239,R03AL09,4710
4302,R03AL09,4711
1239,R03AL10,4712
2677,R03AL10,4713
1239,R03AL11,4714
4302,R03AL11,4715
419,R03AL11,4716
4183,R03AL12,4717
4302,R03AL12,4718
2677,R03BB54,4719
1499,R03CB51,4720
1720,R03CB53,4721
2598,R03CC53,4722
673,R03CC63,4723
147,R03CC63,4724
976,R03DA51,4725
2620,R03DA54,4726
2620,R03DA55,4727
2618,R03DA57,4728
2620,R03DA74,4729
976,R03DB01,4730
4390,R03DB02,4731
2323,R03DB03,4732
2620,R03DB04,4733
2620,R03DB05,4734
3190,R03DB06,4735
1836,R03DC53,4736
1845,R05DA05,4737
916,R06AA52,4738
671,R06AA54,4739
617,R06AA56,4740
920,R06AA57,4741
962,R06AA59,4742
408,R06AB51,4743
4411,R06AB52,4744
616,R06AB54,4745
830,R06AB56,4746
1376,R06AC52,4747
606,R06AC53,4748
2286,R06AD52,4749
4571,R06AD55,4750
416,R06AE51,4751
749,R06AE53,4752
1649,R06AE55,4753
2617,R06AX53,4754
2334,R06AX58,4755
3383,R07AB52,4756
3428,R07AB53,4757
4228,R07AX30,4758
5010,R07AX30,4759
4228,R07AX31,4760
5276,R07AX31,4761
4228,R07AX32,4762
5276,R07AX32,4763
5372,R07AX32,4764
1388,S01BB01,4765
2245,S01BB02,4766
1208,S01BB03,4767
348,S01BB04,4768
824,S01CA01,4769
2245,S01CA02,4770
1388,S01CA03,4771
1206,S01CA04,4772
348,S01CA05,4773
1208,S01CA07,4774
1768,S01CA08,4775
3093,S01CA09,4776
1204,S01CA10,4777
865,S01CC01,4778
1440,S01CC02,4779
1028,S01EA51,4780
2166,S01EB51,4781
4314,S01EB58,4782
396,S01EC54,4783
4061,S01ED51,4784
356,S01ED52,4785
1779,S01ED54,4786
520,S01ED55,4787
1551,S01EE51,4788
5269,S01EE51,4789
757,S01FA54,4790
2774,S01FA56,4791
2146,S01FB51,4792
1529,S01FB51,4793
3369,S01GA51,4794
3591,S01GA52,4795
3658,S01GA53,4796
2146,S01GA55,4797
3577,S01GA56,4798
741,S01GX51,4799
1207,S01JA51,4800
3957,S01KA51,4801
4198,S01XA03,4802
2245,S02CA01,4803
4548,S02CA02,4804
1388,S02CA03,4805
2725,S02CA04,4806
1204,S02CA05,4807
824,S02CA06,4808
824,S03CA01,4809
2245,S03CA02,4810
1388,S03CA04,4811
348,S03CA06,4812
2245,V03AB05,4813
2286,V03AB05,4814
1549,V03AF11,4815
1622,V03AF11,4816
463,V04CG30,4817
4373,V04CG30,4818
1447,V04CH01,4819
4346,V08BA01,4820
2104,V08DA01,4821
2104,V08DA04,4822
4039,V08DA05,4823
3999,V08DA06,4824
2408,A02BA06,4825
294,A07EA07,4826
2852,B01AE04,4827
475,C09CA06,4828
475,C09DA06,4829
475,C09DB07,4830
475,C09DX06,4831
614,D01AE07,4832
1349,D05AX55,4833
3911,D07AB01,4834
3234,D07AB04,4835
4493,D07AB10,4836
4606,D07AB21,4837
4485,D07AC10,4838
1832,D07AC13,4839
294,D07AC15,4840
1225,D07AC17,4841
4554,D07AC17,4842
1349,D07AC21,4843
4452,D07AD01,4844
294,D07CC04,4845
4452,D07CD01,4846
1832,D07XC03,4847
2345,G03AA02,4848
1667,G03AA04,4849
1667,G03AB01,4850
2345,G03AC04,4851
1667,G03AC05,4852
4189,G03DA03,4853
1667,G03DB02,4854
4189,G03FA02,4855
1667,G03FA08,4856
1667,G03FB04,4857
766,G03HA01,4858
766,G03HB01,4859
4191,G04BD13,4860
1191,H02AA02,4861
2060,H02AB05,4862
555,J01DD13,4863
534,J01DD16,4864
555,J01DD64,4865
4873,J01XX11,4866
4947,J02AC05,4867
4822,J05AH04,4868
1189,L01BB05,4869
1667,L02AB01,4870
4176,L02BX03,4871
4303,N03AF04,4872
2193,N05AC04,4873
4207,N05AN01,4874
4512,N05AN01,4875
294,R01AD01,4876
1225,R01AD08,4877
4554,R01AD08,4878
1832,R01AD09,4879
1225,R01AD58,4880
4554,R01AD58,4881
1832,R01AD59,4882
1225,R03AK06,4883
4554,R03AK06,4884
294,R03AK08,4885
1832,R03AK09,4886
1225,R03AK11,4887
4554,R03AK11,4888
294,R03AK13,4889
1832,R03AK14,4890
294,R03AL09,4891
1832,R03AL12,4892
294,R03BA01,4893
1225,R03BA05,4894
4554,R03BA05,4895
1832,R03BA07,4896
3911,S01BA09,4897
4493,S01BA10,4898
1611,S01BA14,4899
1191,S01CA06,4900
3911,S01CA11,4901
1191,S02CA07,4902
1191,S03CA05,4903
4487,V03AE01,4904
4871,V03AE01,4905
