id,struct_id,drug_class_id
35534,4176,7738
35535,4184,7735
35533,257,7709
35531,4682,7709
35532,4682,7712
35528,4907,7709
35529,4110,7709
35530,4157,7709
19442,4898,7710
19443,4898,7709
19444,4899,7737
19440,4832,7709
19441,4168,7709
12054,4881,7709
12055,4834,7711
12056,4834,7709
12057,4882,7709
12058,4882,7735
12059,2380,7709
12060,1092,7709
12061,1609,7720
12052,4878,7710
12053,4878,7709
124,1825,7740
125,1490,7740
126,2715,7740
127,2123,7740
128,2429,7740
129,1028,7741
130,1960,7741
131,2326,7741
132,1024,7741
133,922,7741
134,4135,7742
135,841,7742
136,1732,7742
137,2122,7742
138,874,7742
139,971,7741
140,1009,7743
141,2439,7743
142,811,7743
143,1493,7743
144,1480,7740
145,4865,7740
146,1907,7740
147,2702,7740
148,3521,7740
149,1479,7740
150,1257,7740
151,1825,7744
152,2702,7744
153,3521,7745
154,2429,7745
155,4864,7746
156,1808,7746
157,4380,7746
158,972,7746
159,2813,7746
160,663,7747
161,2436,7747
162,1209,7747
163,4223,7747
164,2068,7747
165,1230,7747
166,1053,7747
167,4806,7747
168,2863,7747
170,1111,7747
171,2065,7740
172,2065,7745
173,1024,7748
174,2149,7748
175,2326,7748
176,1496,7748
177,1694,7748
178,1721,7748
179,2784,7748
180,195,7748
181,1767,7748
182,3351,7748
183,3463,7748
184,180,7749
185,701,7749
186,956,7749
187,1427,7749
188,2758,7749
189,951,7749
190,1675,7749
191,1592,7749
192,2320,7749
193,191,7749
194,1971,7749
195,812,7749
196,1763,7740
197,1506,7750
198,1952,7750
199,1505,7750
200,2295,7750
201,2770,7750
202,1047,7750
203,2087,7750
204,2591,7750
205,2553,7751
206,2441,7751
207,2809,7751
208,4141,7751
209,4305,7751
210,4754,3904
211,4654,3905
212,4655,3906
213,4656,3907
214,4657,3908
215,4658,3909
216,4659,3910
217,4660,3911
218,4661,3912
219,4662,3913
220,4663,3914
221,4235,3915
222,4236,3916
223,4237,3917
224,4238,3918
225,4239,3919
226,4240,3920
227,4241,3921
228,4242,3922
229,4243,3923
230,4244,3924
231,4245,3925
232,4246,3926
233,4229,3927
234,4230,3928
236,4220,3930
237,4221,3931
239,4223,3933
240,4224,3934
241,4225,3935
242,4226,3936
243,4186,3937
244,4187,3938
245,4188,3939
246,4189,3940
247,1948,3941
248,3244,3942
249,3281,3943
251,1076,3945
252,1344,3946
253,3035,3947
254,3196,3948
255,3645,3949
256,3495,3950
257,1319,3951
258,58,3952
259,1399,3953
260,4024,3954
261,768,3955
262,906,3956
263,1233,3957
264,2188,3958
268,787,3962
270,1533,3964
271,1316,3965
273,1687,3967
274,3267,3968
276,759,3970
277,1262,3971
278,3097,3972
279,334,3973
280,172,3974
281,1921,3975
282,3524,3976
283,3282,3977
284,1375,3978
285,357,3979
286,1745,3980
287,3637,3981
288,3353,3982
289,3229,3983
291,205,3985
292,2487,3986
293,347,3987
294,1263,3988
295,3414,3989
296,3391,3990
297,2771,3991
298,769,3992
299,1906,3993
300,2835,3994
301,2328,3995
302,1334,3996
303,3150,3997
304,1241,3998
305,3242,3999
307,2153,4001
308,1994,4002
309,3508,4003
311,2640,4005
313,862,4007
314,1188,4008
316,2819,4010
317,1725,4011
318,1978,4012
319,26,4013
320,166,4014
321,1557,4015
322,163,4016
323,3628,4017
324,2058,4018
325,3401,4019
326,2259,4020
327,1550,4021
328,2670,4022
329,2715,4023
330,89,4024
331,54,4025
332,1653,4026
333,1562,4027
334,841,4028
335,195,4029
336,124,4030
337,2085,4031
338,2148,4032
339,2123,4033
340,346,4034
341,3505,4035
342,3355,4036
343,2415,4037
344,2049,4038
345,1497,4039
346,2231,4040
347,3460,4041
348,2784,4042
349,1485,4043
350,3058,4044
351,1243,4045
352,2416,4046
353,3442,4047
354,3428,4048
355,3410,4049
356,3344,4050
357,3256,4051
358,1087,4052
359,1496,4053
360,755,4054
361,3977,4055
362,2197,4056
363,1773,4057
364,1711,4058
365,2751,4059
366,2804,4060
367,2802,4061
368,3370,4062
369,3998,4063
370,2803,4064
371,3800,4065
372,1078,4066
373,168,4067
374,3290,4068
375,1004,4069
376,1361,4070
377,1293,4071
378,4039,4072
379,3474,4073
380,1501,4074
381,738,4075
382,1311,4076
383,1622,4077
384,3405,4078
385,65,4079
386,2738,4080
387,1310,4081
388,3995,4082
389,488,4083
390,3202,4084
391,2768,4085
392,3347,4086
393,2081,4087
394,3461,4088
395,2140,4089
396,1732,4090
397,931,4091
398,2566,4092
399,2854,4093
400,2069,4094
401,2131,4095
403,52,4097
404,22,4098
405,2128,4099
406,3389,4100
407,2149,4101
408,1394,4102
409,1290,4103
410,144,4104
411,1766,4105
412,1629,4106
413,1905,4107
414,2682,4108
415,1708,4109
416,3755,4110
417,470,4111
418,2050,4112
419,1710,4113
420,3396,4114
421,3056,4115
422,1966,4116
423,947,4117
424,3067,4118
425,3260,4119
426,76,4120
427,1341,4121
428,3666,4122
429,1377,4123
430,3013,4124
432,3640,4126
433,2305,4127
434,2076,4128
435,1647,4129
436,3402,4130
437,3381,4131
438,984,4132
439,934,4133
440,3094,4134
441,2002,4135
442,3775,4136
443,2059,4137
444,1072,4138
445,2713,4139
446,2010,4140
447,423,4141
448,2021,4142
449,2664,4143
450,665,4144
451,2255,4145
452,2065,4146
453,1384,4147
454,2695,4148
455,1726,4149
456,519,4150
457,358,4151
458,602,4152
459,1670,4153
460,3745,4154
461,175,4155
462,513,4156
463,1920,4157
464,3705,4158
465,2676,4159
466,66,4160
467,3426,4161
468,1694,4162
469,1100,4163
470,3627,4164
471,24,4165
472,1151,4166
473,3354,4167
474,1754,4168
475,2144,4169
476,1080,4170
477,323,4171
478,3463,4172
479,2326,4173
480,1024,4174
481,586,4175
482,3587,4176
483,3814,4177
484,988,4178
485,1083,4179
486,3403,4180
487,2632,4181
488,3577,4182
489,3509,4183
490,2146,4184
491,1721,4185
492,1646,4186
493,811,4187
494,3607,4188
495,3710,4189
496,2836,4190
497,1960,4191
498,2189,4192
499,626,4193
500,1563,4194
501,2308,4195
502,2454,4196
503,1790,4197
504,1844,4198
505,1264,4199
506,3521,4200
507,1683,4201
508,2521,4202
509,3459,4203
510,2604,4204
511,2005,4205
513,71,4207
514,1680,4208
515,1549,4209
516,3682,4210
517,788,4211
519,4072,4213
520,3266,4214
521,1401,4215
522,2075,4216
523,737,4217
524,3140,4218
525,2659,4219
526,2133,4220
527,359,4221
528,3092,4222
529,2114,4223
530,3383,4224
531,2302,4225
533,1307,4227
534,3827,4228
535,2137,4229
536,2115,4230
537,1378,4231
538,1480,4232
539,1254,4233
540,3351,4234
541,1794,4235
542,1755,4236
543,2383,4237
544,1679,4238
545,3114,4239
546,1444,4240
547,1271,4241
548,1252,4242
549,845,4243
550,74,4244
551,2620,4245
552,2618,4246
553,2307,4247
554,2381,4248
555,2314,4249
556,3583,4250
557,2485,4251
558,96,4252
559,38,4253
560,2330,4254
561,3286,4255
562,1367,4256
563,1101,4257
564,990,4258
565,2462,4259
566,935,4260
567,773,4261
568,1691,4262
569,2486,4263
570,3454,4264
571,1028,4265
572,1774,4266
573,715,4267
574,618,4268
575,1494,4269
576,2155,4270
577,289,4271
578,3362,4272
579,3678,4273
580,3446,4274
581,3455,4275
582,1493,4276
583,1009,4277
584,2427,4278
585,1624,4279
586,497,4280
587,1033,4281
588,752,4282
589,162,4283
590,201,4284
591,2216,4285
592,2429,4286
593,2104,4287
594,46,4288
595,270,4289
596,861,4290
597,1161,4291
598,1117,4292
599,2139,4293
600,2638,4294
601,728,4295
602,3068,4296
603,1954,4297
604,1075,4298
605,936,4299
606,884,4300
607,1506,4301
608,1418,4302
609,2122,4303
610,3409,4304
611,666,4305
612,3293,4306
613,2686,4307
615,1309,4309
616,355,4310
617,84,4311
618,3051,4312
619,3536,4313
620,3699,4314
621,3189,4315
622,2589,4316
623,165,4317
624,1015,4318
625,463,4319
626,160,4320
627,1374,4321
628,3538,4322
629,1669,4323
630,3049,4324
631,1792,4325
632,3818,4326
633,3264,4327
634,739,4328
635,1567,4329
636,3471,4330
637,1356,4331
638,291,4332
639,244,4333
640,1950,4334
641,1336,4335
642,1740,4336
643,2551,4337
644,3272,4338
645,1342,4339
646,3411,4340
647,669,4341
648,873,4342
649,584,4343
650,2439,4344
651,2577,4345
652,1834,4346
653,3591,4347
654,835,4348
655,2621,4349
656,3298,4350
657,153,4351
658,1366,4352
660,64,4354
661,1758,4355
662,744,4356
663,3485,4357
664,2780,4358
665,1157,4359
666,1088,4360
667,2739,4361
668,1561,4362
669,1073,4363
670,2582,4364
671,838,4365
672,3621,4366
673,2126,4367
674,874,4368
675,3088,4369
676,1098,4370
677,3704,4371
678,2125,4372
679,3851,4373
680,1407,4374
681,2999,4375
682,1806,4376
683,3602,4377
684,2702,4378
685,1346,4379
686,1332,4380
687,636,4381
688,122,4382
689,2166,4383
690,304,4384
691,1397,4385
692,2277,4386
693,1814,4387
694,1168,4388
695,286,4389
696,2700,4390
697,3433,4391
698,232,4392
699,3369,4393
700,141,4394
701,3464,4395
702,1919,4396
703,1762,4397
704,1673,4398
705,2856,4399
706,1809,4400
707,2388,4401
708,1753,4402
709,1720,4403
710,1499,4404
711,914,4405
712,2808,4406
713,2233,4407
714,1664,4408
715,2872,4409
716,1141,4410
717,335,4411
718,449,4412
719,439,4413
720,106,4414
721,971,4415
722,3635,4416
723,3539,4417
724,3379,4418
725,2120,4419
726,1339,4420
727,282,4421
728,714,4422
729,611,4423
730,512,4424
732,1941,4426
733,3462,4427
734,156,4428
735,2497,4429
736,2505,4430
737,3848,4431
738,2151,4432
739,901,4433
740,695,4434
741,1871,4435
742,2496,4436
743,3620,4437
744,1146,4438
745,2649,4439
746,3021,4440
747,30,4441
748,381,4442
749,1313,4443
750,484,4444
751,4062,4445
752,2283,4446
753,1244,4447
754,3541,4448
755,3624,4449
756,3815,4450
757,1704,4451
758,2267,4452
759,1695,4453
760,81,4454
761,339,4455
762,3225,4456
763,3638,4457
764,221,4458
765,1760,4459
766,1807,4460
767,126,4461
768,1997,4462
769,4006,4463
770,447,4464
771,2265,4465
772,1722,4466
773,1411,4467
774,2272,4468
775,3346,4469
776,898,4470
777,2130,4471
778,1843,4472
779,56,4473
780,3793,4474
781,3038,4475
782,1693,4476
783,3047,4477
784,2385,4478
785,1074,4479
786,413,4480
787,1126,4481
788,1897,4482
789,3616,4483
790,3606,4484
791,414,4485
792,3795,4486
793,2478,4487
794,1107,4488
795,3849,4489
796,3448,4490
797,3380,4491
798,2829,4492
799,2556,4493
800,441,4494
801,1136,4495
802,1257,4496
803,212,4497
804,85,4498
805,3166,4499
806,2598,4500
807,2258,4501
808,3316,4502
810,226,4504
811,2322,4505
812,496,4506
813,1938,4507
814,2095,4508
815,184,4509
816,1791,4510
817,745,4511
818,2206,4512
819,107,4513
820,1952,4514
821,790,4515
822,909,4516
823,3043,4517
824,2782,4518
825,3095,4519
826,2074,4520
827,3450,4521
828,2759,4522
829,2043,4523
830,1863,4524
831,1158,4525
832,2000,4526
833,3255,4527
834,1539,4528
835,3752,4529
836,2289,4530
837,2735,4531
838,158,4532
839,704,4533
840,1883,4534
841,2309,4535
842,1406,4536
843,854,4537
844,3952,4538
845,1735,4539
846,1490,4540
847,1150,4541
848,832,4542
849,171,4543
850,3567,4544
851,1039,4545
852,3796,4546
854,2134,4548
855,1875,4549
856,2691,4550
857,1644,4551
858,1828,4552
859,1672,4553
860,164,4554
861,3512,4555
862,3445,4556
863,77,4557
864,2492,4558
865,3319,4559
866,1767,4560
867,836,4561
868,1706,4562
869,1596,4563
871,2382,4565
872,3723,4566
873,1746,4567
874,3364,4568
875,2480,4569
876,3393,4570
877,1579,4571
878,2467,4572
879,2048,4573
880,2569,4574
881,3770,4575
882,206,4576
883,265,4577
884,2270,4578
885,3817,4579
886,1505,4580
887,869,4581
888,1369,4582
889,750,4583
890,489,4584
891,1741,4585
892,2862,4586
893,2631,4587
894,2271,4588
895,1568,4589
896,967,4590
897,3152,4591
898,504,4592
899,145,4593
900,2820,4594
901,1523,4595
902,3999,4596
903,2662,4597
904,1949,4598
905,3534,4599
906,3160,4600
907,49,4601
908,1140,4602
909,3497,4603
910,2323,4604
911,3792,4605
912,2428,4606
913,1958,4607
914,1719,4608
915,1182,4609
916,1002,4610
917,3981,4611
918,1839,4612
919,1575,4613
920,1491,4614
921,105,4615
922,329,4616
923,435,4617
924,3125,4618
925,1194,4619
926,3840,4620
928,2199,4622
929,3681,4623
930,1429,4624
931,421,4625
932,3054,4626
933,2132,4627
934,218,4628
935,2096,4629
936,3601,4630
937,1747,4631
938,2418,4632
939,2612,4633
940,3176,4634
941,1663,4635
942,1856,4636
943,328,4637
944,1154,4638
945,1498,4639
946,2633,4640
947,3163,4641
948,694,4642
949,1479,4643
950,394,4644
951,770,4645
952,3582,4646
953,1831,4647
954,99,4648
955,1251,4649
956,2121,4650
957,944,4651
958,2373,4652
959,25,4653
960,1219,4654
961,2164,4655
962,1109,4656
963,373,4657
964,155,4658
965,3343,4659
966,3658,4660
967,1487,4661
968,690,4662
969,229,4663
970,3337,4664
971,3517,4665
972,2023,4666
973,2173,4667
974,2703,4668
975,847,4669
976,1343,4670
977,1184,4671
978,958,4672
979,3382,4673
980,264,4674
981,1696,4675
982,1615,4676
983,438,4677
984,3418,4678
985,3376,4679
986,1808,4680
987,1700,4681
988,1345,4682
989,3506,4683
990,1003,4684
991,2671,4685
992,3908,4686
993,1690,4687
994,1526,4688
995,1436,4689
996,3694,4690
997,2744,4691
998,1014,4692
999,782,4693
1000,3477,4694
1001,2176,4695
1002,430,4696
1003,3633,4697
1004,2332,4698
1005,112,4699
1006,3101,4700
1007,2524,4701
1008,1041,4702
1009,1027,4703
1010,3986,4704
1011,3713,4705
1012,137,4706
1013,324,4707
1014,880,4708
1015,1987,4709
1016,2500,4710
1017,1360,4711
1018,1739,4712
1019,1285,4713
1020,3789,4714
1021,2392,4715
1022,196,4716
1023,3731,4717
1024,4032,4718
1025,3657,4719
1026,772,4720
1027,2213,4721
1028,2795,4722
1029,222,4723
1030,2152,4724
1031,2017,4725
1032,645,4726
1033,3712,4727
1034,2329,4728
1035,2079,4729
1036,2728,4730
1037,3664,4731
1038,2514,4732
1039,3194,4733
1040,3847,4734
1041,1891,4735
1042,3756,4736
1043,3618,4737
1044,2683,4738
1045,2282,4739
1046,3728,4740
1047,1458,4741
1048,976,4742
1049,1528,4743
1050,1145,4744
1051,833,4745
1052,1803,4746
1053,1899,4747
1055,3560,4749
1056,2626,4750
1057,3884,4751
1058,225,4752
1059,3691,4753
1060,1277,4754
1061,2238,4755
1062,1529,4756
1064,2594,4758
1065,2527,4759
1066,2692,4760
1067,2150,4761
1068,916,4762
1069,256,4763
1070,2762,4764
1071,900,4765
1072,697,4766
1073,686,4767
1074,209,4768
1075,1540,4769
1076,3173,4770
1077,982,4771
1078,340,4772
1079,3111,4773
1080,3091,4774
1081,3513,4775
1082,511,4776
1083,2699,4777
1084,1079,4778
1085,1656,4779
1086,1574,4780
1087,1787,4781
1088,1651,4782
1089,2420,4783
1090,3906,4784
1091,627,4785
1092,2616,4786
1093,37,4787
1094,3338,4788
1095,3816,4789
1096,1089,4790
1097,2851,4791
1098,789,4792
1099,3106,4793
1100,2047,4794
1101,1593,4795
1102,3363,4796
1103,3317,4797
1104,3120,4798
1105,2355,4799
1107,2303,4801
1109,2266,4803
1110,1022,4804
1111,275,4805
1112,684,4806
1113,3065,4807
1114,3265,4808
1115,3313,4809
1116,3605,4810
1117,3436,4811
1118,1866,4812
1119,2652,4813
1120,2546,4814
1121,509,4815
1122,1163,4816
1123,1430,4817
1124,2402,4818
1125,2032,4819
1126,1421,4820
1127,758,4821
1128,2024,4822
1129,1197,4823
1130,322,4824
1131,1373,4825
1132,424,4826
1133,2129,4827
1134,1738,4828
1135,2698,4829
1136,634,4830
1137,657,4831
1138,3213,4832
1139,3824,4833
1140,1748,4834
1141,3686,4835
1142,1697,4836
1143,630,4837
1144,705,4838
1145,1283,4839
1146,3360,4840
1147,3288,4841
1148,1677,4842
1149,2711,4843
1150,445,4844
1151,2320,4845
1152,1971,4846
1153,3718,4847
1154,2657,4848
1156,1476,4850
1157,2522,4851
1158,2510,4852
1159,2290,4853
1160,3192,4854
1161,2094,4855
1162,3595,4856
1163,2610,4857
1164,1796,4858
1165,2483,4859
1166,3413,4860
1167,103,4861
1168,3805,4862
1169,2027,4863
1170,1816,4864
1171,224,4865
1172,2832,4866
1173,3787,4867
1174,596,4868
1175,959,4869
1176,317,4870
1177,1904,4871
1178,870,4872
1179,3486,4873
1180,3044,4874
1181,2750,4875
1182,255,4876
1183,812,4877
1184,749,4878
1185,4025,4879
1186,2861,4880
1187,2818,4881
1188,90,4882
1189,2845,4883
1190,2529,4884
1191,2520,4885
1192,228,4886
1193,506,4887
1194,1786,4888
1195,3680,4889
1196,2195,4890
1197,1930,4891
1198,3301,4892
1199,3310,4893
1200,2098,4894
1201,839,4895
1202,2386,4896
1203,875,4897
1204,3845,4898
1205,1825,4899
1206,863,4900
1207,2295,4901
1208,1008,4902
1209,3835,4903
1210,2516,4904
1211,2393,4905
1212,1999,4906
1213,1852,4907
1214,840,4908
1215,369,4909
1216,2234,4910
1218,1552,4912
1219,1023,4913
1220,2512,4914
1221,2696,4915
1222,3188,4916
1223,1368,4917
1224,962,4918
1225,2701,4919
1226,3747,4920
1227,816,4921
1228,693,4922
1229,605,4923
1230,1654,4924
1231,53,4925
1232,3702,4926
1233,1253,4927
1234,505,4928
1235,3134,4929
1236,3832,4930
1238,1900,4932
1239,842,4933
1241,3131,4935
1242,433,4936
1243,2868,4937
1244,1858,4938
1245,3661,4939
1246,2464,4940
1247,1057,4941
1248,3153,4942
1249,2167,4943
1250,3384,4944
1252,2697,4946
1253,2007,4947
1254,2479,4948
1255,1826,4949
1256,2663,4950
1257,518,4951
1258,603,4952
1259,1879,4953
1260,2403,4954
1261,616,4955
1262,1448,4956
1263,55,4957
1264,1928,4958
1265,70,4959
1266,3784,4960
1267,1379,4961
1268,1777,4962
1269,2159,4963
1270,3822,4964
1271,751,4965
1272,253,4966
1273,1223,4967
1274,3558,4968
1275,747,4969
1276,1830,4970
1277,1643,4971
1278,3034,4972
1279,1097,4973
1280,622,4974
1281,3377,4975
1282,673,4976
1283,269,4977
1284,1019,4978
1285,996,4979
1286,2813,4980
1287,1634,4981
1288,180,4982
1289,2106,4983
1290,2718,4984
1291,3983,4985
1292,2099,4986
1293,2526,4987
1294,2502,4988
1295,3619,4989
1296,2311,4990
1297,3874,4991
1298,3154,4992
1299,2763,4993
1300,915,4994
1301,1276,4995
1302,675,4996
1303,639,4997
1304,2009,4998
1305,2357,4999
1306,3190,5000
1307,1855,5001
1308,1555,5002
1309,956,5003
1311,1159,5005
1312,2440,5006
1313,1576,5007
1314,2519,5008
1315,2517,5009
1316,2515,5010
1317,2511,5011
1318,2138,5012
1319,1477,5013
1321,1398,5015
1322,3291,5016
1323,3634,5017
1324,1427,5018
1325,1376,5019
1326,288,5020
1327,1193,5021
1329,1945,5023
1330,1442,5024
1331,3709,5025
1332,104,5026
1333,2142,5027
1334,920,5028
1335,2603,5029
1336,142,5030
1337,1925,5031
1338,303,5032
1339,3871,5033
1340,2812,5034
1342,223,5036
1343,1000,5037
1344,4086,5038
1345,2387,5039
1346,2057,5040
1347,461,5041
1348,1560,5042
1349,2770,5043
1352,2775,5046
1353,2774,5047
1354,2568,5048
1355,2504,5049
1356,3070,5050
1357,1114,5051
1358,1763,5052
1359,366,5053
1360,3761,5054
1361,2286,5055
1362,2284,5056
1363,1620,5057
1364,1478,5058
1365,3082,5059
1366,2498,5060
1367,3447,5061
1368,1640,5062
1369,852,5063
1370,400,5064
1372,1203,5066
1373,1926,5067
1374,1556,5068
1375,1131,5069
1376,1845,5070
1377,1393,5071
1378,2268,5072
1379,2331,5073
1380,2315,5074
1381,1507,5075
1382,3424,5076
1383,667,5077
1384,4115,5078
1385,1337,5079
1386,1333,5080
1387,2518,5081
1388,1898,5082
1389,34,5083
1390,1731,5084
1391,2642,5085
1392,215,5086
1393,2617,5087
1394,2831,5088
1395,2015,5089
1396,393,5090
1397,1431,5091
1398,2592,5092
1399,1929,5093
1400,2390,5094
1401,1272,5095
1402,1103,5096
1403,2869,5097
1404,1872,5098
1405,765,5099
1406,3480,5100
1407,2321,5101
1408,2276,5102
1409,620,5103
1410,3249,5104
1412,2209,5106
1413,3498,5107
1414,919,5108
1415,3187,5109
1416,2127,5110
1417,3996,5111
1418,2607,5112
1419,1970,5113
1420,795,5114
1421,432,5115
1422,4,5116
1423,3348,5117
1424,1094,5118
1425,809,5119
1426,2614,5120
1427,3492,5121
1428,658,5122
1429,2570,5123
1430,95,5124
1431,1402,5125
1432,260,5126
1433,3296,5127
1434,3692,5128
1436,974,5130
1437,486,5131
1438,301,5132
1439,3631,5133
1440,2343,5134
1441,1913,5135
1442,585,5136
1443,606,5137
1444,2755,5138
1445,2273,5139
1446,1020,5140
1447,2540,5141
1448,1380,5142
1449,3802,5143
1450,2489,5144
1451,268,5145
1452,3927,5146
1453,214,5147
1454,499,5148
1455,1583,5149
1456,295,5150
1457,3186,5151
1458,1132,5152
1459,3419,5153
1460,3216,5154
1461,757,5155
1462,431,5156
1463,448,5157
1464,2111,5158
1465,2078,5159
1466,2597,5160
1467,1675,5161
1468,1591,5162
1469,2871,5163
1470,3052,5164
1471,395,5165
1472,710,5166
1473,3596,5167
1474,520,5168
1475,3766,5169
1476,903,5170
1477,3430,5171
1478,2013,5172
1479,1992,5173
1480,210,5174
1481,3487,5175
1482,3055,5176
1483,2169,5177
1484,3725,5178
1485,2324,5179
1486,2235,5180
1487,455,5181
1488,420,5182
1489,1618,5183
1490,3322,5184
1491,83,5185
1492,2513,5186
1493,2499,5187
1494,2779,5188
1495,129,5189
1496,3205,5190
1497,3496,5191
1498,2294,5192
1499,2824,5193
1500,2758,5194
1501,902,5195
1502,3550,5196
1503,2647,5197
1504,1056,5198
1505,417,5199
1506,3270,5200
1507,3011,5201
1508,1936,5202
1509,1641,5203
1510,1439,5204
1511,3748,5205
1512,1054,5206
1513,856,5207
1514,2543,5208
1515,3735,5209
1516,2263,5210
1517,1969,5211
1518,2605,5212
1519,2220,5213
1520,951,5214
1521,892,5215
1522,609,5216
1523,3566,5217
1524,1650,5218
1525,865,5219
1526,2743,5220
1527,3022,5221
1529,3743,5223
1530,2301,5224
1531,1324,5225
1532,315,5226
1533,1122,5227
1534,1082,5228
1535,2046,5229
1536,170,5230
1537,1742,5231
1538,727,5232
1539,928,5233
1540,1147,5234
1541,3177,5235
1542,1892,5236
1543,1409,5237
1544,1315,5238
1545,3295,5239
1546,3615,5240
1547,972,5241
1548,3169,5242
1549,1385,5243
1550,182,5244
1551,2202,5245
1552,1907,5246
1553,2858,5247
1554,245,5248
1555,3434,5249
1556,487,5250
1557,1812,5251
1558,2196,5252
1559,3345,5253
1560,1965,5254
1561,1962,5255
1562,319,5256
1563,2749,5257
1564,3527,5258
1565,2404,5259
1566,1426,5260
1567,1386,5261
1568,725,5262
1569,1976,5263
1570,2628,5264
1571,3622,5265
1572,594,5266
1573,1782,5267
1574,2572,5268
1575,491,5269
1576,266,5270
1577,2606,5271
1578,3862,5272
1579,3390,5273
1580,3204,5274
1581,2722,5275
1582,1734,5276
1583,1508,5277
1584,1095,5278
1585,125,5279
1586,2585,5280
1587,682,5281
1588,1099,5282
1589,3717,5283
1590,593,5284
1591,1488,5285
1592,1510,5286
1593,937,5287
1594,886,5288
1595,2579,5289
1596,2745,5290
1597,311,5291
1598,1047,5292
1599,1988,5293
1600,1362,5294
1601,2602,5295
1602,1181,5296
1603,1637,5297
1604,1238,5298
1605,1026,5299
1606,999,5300
1607,1902,5301
1608,3406,5302
1609,3356,5303
1610,1961,5304
1611,1743,5305
1612,1190,5306
1613,412,5307
1614,1071,5308
1615,3791,5309
1616,1459,5310
1617,1195,5311
1618,2184,5312
1619,2424,5313
1620,1155,5314
1621,723,5315
1622,3642,5316
1624,2208,5318
1625,691,5319
1626,2136,5320
1627,617,5321
1628,588,5322
1629,4050,5323
1630,1215,5324
1631,3565,5325
1632,2665,5326
1633,2348,5327
1634,3342,5328
1635,3341,5329
1636,1733,5330
1638,3083,5332
1639,3716,5333
1640,864,5334
1641,800,5335
1642,1633,5336
1643,1678,5337
1644,1018,5338
1645,2857,5339
1647,418,5341
1648,261,5342
1649,3064,5343
1650,681,5344
1651,1915,5345
1652,1153,5346
1653,2436,5347
1654,1187,5348
1655,44,5349
1656,3438,5350
1657,2296,5351
1658,2408,5352
1659,2011,5353
1660,3050,5354
1661,2800,5355
1662,2264,5356
1663,2222,5357
1664,3042,5358
1665,1943,5359
1666,1312,5360
1667,3836,5361
1668,1405,5362
1669,422,5363
1670,1853,5364
1671,3579,5365
1672,2870,5366
1673,3617,5367
1674,3675,5368
1675,442,5369
1676,356,5370
1677,333,5371
1678,858,5372
1679,857,5373
1680,3476,5374
1681,1935,5375
1682,2847,5376
1683,3532,5377
1684,1924,5378
1685,2787,5379
1686,2145,5380
1687,1292,5381
1688,3771,5382
1689,3016,5383
1690,2175,5384
1692,136,5386
1693,1209,5387
1694,1321,5388
1695,2506,5389
1696,1865,5390
1697,1779,5391
1698,3158,5392
1699,187,5393
1700,3881,5394
1701,1530,5395
1702,1728,5396
1703,1495,5397
1704,313,5398
1705,1780,5399
1706,868,5400
1707,3086,5401
1708,2163,5402
1709,2503,5403
1710,2501,5404
1711,2719,5405
1712,3079,5406
1713,370,5407
1714,1714,5408
1715,818,5409
1716,1623,5410
1717,740,5411
1718,123,5412
1719,814,5413
1720,1877,5414
1721,453,5415
1722,2694,5416
1723,1717,5417
1724,3243,5418
1725,3220,5419
1726,871,5420
1727,94,5421
1728,149,5422
1729,374,5423
1730,3325,5424
1731,2334,5425
1732,3493,5426
1733,246,5427
1734,1410,5428
1735,2001,5429
1736,2241,5430
1737,1329,5431
1738,3268,5432
1739,1982,5433
1741,2655,5435
1742,1572,5436
1743,1084,5437
1744,975,5438
1745,803,5439
1746,1086,5440
1747,1597,5441
1748,1202,5442
1749,1186,5443
1750,310,5444
1751,3207,5445
1752,3027,5446
1753,2361,5447
1754,2030,5448
1755,1438,5449
1756,1144,5450
1757,191,5451
1758,780,5452
1759,3472,5453
1760,2397,5454
1761,2799,5455
1762,2523,5456
1763,2358,5457
1764,4109,5458
1765,2279,5459
1766,3557,5460
1767,2105,5461
1768,711,5462
1769,1381,5463
1770,701,5464
1771,3326,5465
1772,2029,5466
1773,120,5467
1774,2317,5468
1775,1818,5469
1776,4114,5470
1777,1148,5471
1778,3416,5472
1779,2407,5473
1780,989,5474
1781,1249,5475
1782,703,5476
1783,1165,5477
1784,3714,5478
1785,623,5479
1786,2087,5480
1787,399,5481
1788,1137,5482
1789,2672,5483
1790,4061,5484
1791,440,5485
1792,2256,5486
1793,468,5487
1794,1933,5488
1795,2863,5489
1796,2038,5490
1797,806,5491
1798,237,5492
1799,2609,5493
1800,1886,5494
1801,444,5495
1802,1371,5496
1803,188,5497
1804,1652,5498
1805,2070,5499
1806,2135,5500
1807,1230,5501
1808,1757,5502
1809,2687,5503
1810,2031,5504
1811,3025,5505
1812,2660,5506
1813,997,5507
1814,2737,5508
1815,2666,5509
1816,718,5510
1817,621,5511
1818,1404,5512
1819,830,5513
1820,408,5514
1821,1967,5515
1822,2019,5516
1823,1021,5517
1825,3122,5519
1826,3979,5520
1827,607,5521
1828,1820,5522
1829,1013,5523
1830,1860,5524
1831,3193,5525
1833,1169,5527
1834,860,5528
1835,472,5529
1836,2667,5530
1837,1606,5531
1838,1598,5532
1839,503,5533
1840,1128,5534
1841,3257,5535
1842,2119,5536
1843,883,5537
1844,708,5538
1845,4074,5539
1846,3121,5540
1847,1522,5541
1848,2860,5542
1849,3271,5543
1850,1707,5544
1851,231,5545
1852,377,5546
1853,3112,5547
1854,589,5548
1855,1701,5549
1856,899,5550
1857,1299,5551
1858,3453,5552
1859,3046,5553
1860,637,5554
1861,2190,5555
1862,653,5556
1863,1621,5557
1864,3614,5558
1865,746,5559
1866,2040,5560
1867,2766,5561
1868,1256,5562
1869,991,5563
1870,2798,5564
1871,3931,5565
1872,2036,5566
1873,929,5567
1874,3386,5568
1875,1053,5569
1876,663,5570
1877,57,5571
1878,3646,5572
1879,2346,5573
1880,949,5574
1881,1110,5575
1882,3651,5576
1883,2240,5577
1884,1042,5578
1885,1648,5579
1886,380,5580
1887,1419,5581
1888,1069,5582
1890,781,5584
1891,2705,5585
1892,1802,5586
1893,672,5587
1894,1940,5588
1896,426,5590
1897,3366,5591
1898,78,5592
1899,889,5593
1900,100,5594
1901,73,5595
1902,2285,5596
1903,428,5597
1904,3040,5598
1905,940,5599
1906,722,5600
1907,1912,5601
1908,1878,5602
1909,3149,5603
1910,877,5604
1911,298,5605
1912,1959,5606
1913,454,5607
1914,3519,5608
1915,696,5609
1916,1613,5610
1917,1531,5611
1918,894,5612
1919,2651,5613
1920,2545,5614
1921,1752,5615
1922,4023,5616
1923,2477,5617
1924,635,5618
1925,2016,5619
1926,712,5620
1927,978,5621
1928,1944,5622
1929,1199,5623
1930,3212,5624
1931,2068,5625
1932,2746,5626
1933,390,5627
1934,213,5628
1935,2261,5629
1936,707,5630
1937,1626,5631
1938,3422,5632
1939,2025,5633
1941,820,5635
1942,796,5636
1943,3737,5637
1945,1413,5639
1946,2678,5640
1947,1258,5641
1948,2658,5642
1949,1392,5643
1951,659,5645
1952,2210,5646
1954,3821,5648
1955,1955,5649
1956,3449,5650
1957,2875,5651
1958,3136,5652
1959,1207,5653
1960,2859,5654
1961,2468,5655
1962,3662,5656
1963,2022,5657
1964,1475,5658
1965,2033,5659
1966,133,5660
1967,397,5661
1968,2071,5662
1969,494,5663
1970,808,5664
1971,2772,5665
1972,401,5666
1973,404,5667
1974,1819,5668
1975,2615,5669
1976,2171,5670
1977,2082,5671
1978,2281,5672
1979,2484,5673
1980,2278,5674
1981,1608,5675
1982,1509,5676
1983,3559,5677
1984,1884,5678
1985,128,5679
1986,2018,5680
1987,3798,5681
1988,2204,5682
1989,1395,5683
1990,1931,5684
1991,867,5685
1992,40,5686
1993,1210,5687
1994,1164,5688
1995,1927,5689
1996,1584,5690
1997,3162,5691
1998,2595,5692
1999,3494,5693
2000,2064,5694
2001,1986,5695
2002,1129,5696
2003,779,5697
2004,161,5698
2005,1160,5699
2006,2536,5700
2007,1162,5701
2008,3429,5702
2009,1416,5703
2010,1588,5704
2011,2207,5705
2012,625,5706
2013,398,5707
2014,524,5708
2015,1829,5709
2016,2706,5710
2017,2056,5711
2019,2848,5713
2020,3891,5714
2021,2053,5715
2022,1876,5716
2023,1764,5717
2024,1573,5718
2025,844,5719
2026,926,5720
2027,2100,5721
2028,2395,5722
2029,3277,5723
2030,1778,5724
2031,2205,5725
2033,2090,5727
2034,2226,5728
2035,1736,5729
2036,1689,5730
2037,478,5731
2038,3740,5732
2039,2601,5733
2040,2298,5734
2041,1657,5735
2042,904,5736
2043,2093,5737
2044,3855,5738
2045,4003,5739
2046,3144,5740
2047,1765,5741
2048,3781,5742
2049,1149,5743
2050,2537,5744
2051,1577,5745
2052,632,5746
2053,2291,5747
2054,3715,5748
2056,1536,5750
2057,1535,5751
2058,3546,5752
2059,1667,5753
2060,1226,5754
2061,1102,5755
2062,2729,5756
2064,69,5758
2065,859,5759
2066,717,5760
2067,671,5761
2068,406,5762
2069,1534,5763
2070,1239,5764
2071,2165,5765
2072,1237,5766
2073,2026,5767
2074,1662,5768
2075,1659,5769
2076,3625,5770
2077,719,5771
2078,3623,5772
2079,3912,5773
2080,1686,5774
2081,2723,5775
2082,1990,5776
2083,1055,5777
2084,360,5778
2085,706,5779
2086,1922,5780
2087,1227,5781
2088,3552,5782
2089,619,5783
2090,3007,5784
2091,1867,5785
2092,571,5786
2093,1139,5787
2094,3685,5788
2095,1443,5789
2096,998,5790
2097,1006,5791
2098,2708,5792
2100,82,5794
2101,1446,5795
2102,361,5796
2103,3765,5797
2104,2039,5798
2105,955,5799
2106,2463,5800
2107,721,5801
2108,2846,5802
2109,3711,5803
2111,576,5805
2112,198,5806
2113,580,5807
2114,1603,5808
2115,267,5809
2116,2083,5810
2117,365,5811
2118,3161,5812
2120,2828,5814
2121,3287,5815
2122,1594,5816
2123,307,5817
2124,3785,5818
2125,1676,5819
2126,2200,5820
2127,1025,5821
2128,922,5822
2129,3580,5823
2130,2194,5824
2131,2571,5825
2132,3435,5826
2133,93,5827
2134,3573,5828
2135,2742,5829
2136,3484,5830
2137,676,5831
2138,1034,5832
2139,913,5833
2140,3023,5834
2141,1007,5835
2142,220,5836
2143,3823,5837
2144,1348,5838
2145,1331,5839
2146,48,5840
2147,1775,5841
2148,1849,5842
2149,1571,5843
2150,1500,5844
2151,446,5845
2152,1417,5846
2153,43,5847
2154,2801,5848
2155,3439,5849
2156,1492,5850
2157,2432,5851
2158,3659,5852
2159,3643,5853
2160,3275,5854
2161,3024,5855
2162,2185,5856
2163,320,5857
2164,2541,5858
2165,912,5859
2166,138,5860
2167,1116,5861
2168,1038,5862
2169,3529,5863
2170,2853,5864
2171,2367,5865
2172,2490,5866
2173,1837,5867
2174,325,5868
2175,3843,5869
2176,186,5870
2177,3032,5871
2178,2192,5872
2179,2624,5873
2180,2534,5874
2182,1908,5876
2183,2179,5877
2184,2341,5878
2185,1064,5879
2186,948,5880
2187,3841,5881
2188,284,5882
2189,970,5883
2190,2704,5884
2191,462,5885
2192,647,5886
2193,2405,5887
2194,1874,5888
2195,2028,5889
2196,656,5890
2197,1440,5891
2198,698,5892
2199,2437,5893
2200,302,5894
2201,2253,5895
2202,1512,5896
2203,646,5897
2204,640,5898
2205,905,5899
2206,477,5900
2207,1113,5901
2208,480,5902
2209,2141,5903
2210,1330,5904
2212,3421,5906
2213,2350,5907
2214,3123,5908
2215,483,5909
2216,2734,5910
2217,1759,5911
2218,1947,5912
2219,6,5913
2220,1864,5914
2221,2245,5915
2222,734,5916
2223,111,5917
2224,458,5918
2225,1422,5919
2226,965,5920
2227,1092,5921
2228,1152,5922
2229,1981,5923
2230,1569,5924
2231,375,5925
2232,1355,5926
2233,1718,5927
2234,3098,5928
2235,3395,5929
2236,2260,5930
2237,362,5931
2238,1247,5932
2239,2316,5933
2240,2201,5934
2241,3525,5935
2242,1388,5936
2243,2457,5937
2244,831,5938
2246,2821,5940
2247,526,5941
2248,2412,5942
2249,2557,5943
2250,1993,5944
2251,1106,5945
2252,853,5946
2253,2124,5947
2254,427,5948
2255,753,5949
2256,2732,5950
2257,2342,5951
2258,3019,5952
2259,3833,5953
2260,716,5954
2261,1189,5955
2262,3109,5956
2263,557,5957
2264,192,5958
2265,514,5959
2266,2107,5960
2267,2752,5961
2268,677,5962
2269,1783,5963
2270,1433,5964
2272,762,5966
2274,3961,5968
2275,1298,5969
2276,968,5970
2277,2170,5971
2278,342,5972
2279,258,5973
2280,2215,5974
2281,911,5975
2282,285,5976
2283,2679,5977
2284,3441,5978
2285,3222,5979
2286,2300,5980
2287,388,5981
2288,525,5982
2289,3502,5983
2290,849,5984
2291,2108,5985
2292,2333,5986
2293,4049,5987
2294,2293,5988
2295,502,5989
2296,654,5990
2297,3080,5991
2298,1525,5992
2299,3211,5993
2300,1177,5994
2301,1547,5995
2302,61,5996
2303,2757,5997
2304,425,5998
2305,644,5999
2306,179,6000
2307,1968,6001
2308,923,6002
2309,2230,6003
2310,1173,6004
2311,2063,6005
2312,1957,6006
2313,3415,6007
2314,2384,6008
2315,3782,6009
2316,2637,6010
2317,2360,6011
2318,278,6012
2319,1607,6013
2320,2365,6014
2321,27,6015
2322,1889,6016
2323,1511,6017
2324,2561,6018
2325,243,6019
2326,469,6020
2327,1609,6021
2328,2717,6022
2329,1658,6023
2330,174,6024
2331,2254,6025
2332,1702,6026
2333,821,6027
2334,1862,6028
2335,208,6029
2336,1171,6030
2337,2008,6031
2338,1297,6032
2339,3128,6033
2341,4113,6035
2342,429,6036
2343,670,6037
2344,2274,6038
2345,3846,6039
2346,1768,6040
2347,631,6041
2348,766,6042
2349,1400,6043
2350,2619,6044
2351,1280,6045
2352,273,6046
2353,2181,6047
2354,2648,6048
2355,1353,6049
2356,402,6050
2357,2834,6051
2358,2161,6052
2359,2363,6053
2360,1005,6054
2361,1208,6055
2362,1206,6056
2363,819,6057
2364,1058,6058
2365,3458,6059
2366,3315,6060
2367,1357,6061
2369,1840,6063
2370,3568,6064
2371,3165,6065
2372,1130,6066
2373,2401,6067
2374,1111,6068
2375,147,6069
2376,1665,6070
2377,492,6071
2378,1216,6072
2379,2297,6073
2380,953,6074
2382,966,6076
2383,946,6077
2384,569,6078
2385,3214,6079
2386,2035,6080
2387,756,6081
2388,3721,6082
2389,1744,6083
2390,1191,6084
2391,190,6085
2392,389,6086
2393,981,6087
2394,1581,6088
2395,1035,6089
2396,2733,6090
2397,610,6091
2398,568,6092
2399,3224,6093
2400,312,6094
2401,1799,6095
2402,983,6096
2403,271,6097
2404,1645,6098
2405,2693,6099
2406,3592,6100
2407,135,6101
2408,995,6102
2409,2335,6103
2411,1817,6105
2412,1666,6106
2413,1605,6107
2414,2054,6108
2415,563,6109
2416,2814,6110
2417,1709,6111
2418,2563,6112
2419,2337,6113
2420,396,6114
2421,1870,6115
2422,805,6116
2423,140,6117
2424,391,6118
2425,1142,6119
2426,247,6120
2427,2656,6121
2430,1060,6124
2431,2864,6125
2432,1061,6126
2433,1412,6127
2434,1934,6128
2435,287,6129
2436,60,6130
2437,437,6131
2438,1242,6132
2439,3475,6133
2440,217,6134
2441,3768,6135
2443,2491,6137
2444,1712,6138
2445,2336,6139
2446,3332,6140
2447,3584,6141
2448,2748,6142
2449,2796,6143
2450,1347,6144
2451,2675,6145
2452,1218,6146
2453,1895,6147
2454,4005,6148
2455,234,6149
2456,3649,6150
2457,1942,6151
2458,2754,6152
2459,3017,6153
2460,2873,6154
2461,1068,6155
2462,1172,6156
2463,1566,6157
2464,581,6158
2465,341,6159
2466,1286,6160
2467,2553,6161
2468,2368,6162
2469,283,6163
2470,556,6164
2471,115,6165
2472,1363,6166
2473,761,6167
2474,2362,6168
2475,2720,6169
2476,1649,6170
2477,1175,6171
2478,3883,6172
2479,1235,6173
2480,2466,6174
2481,650,6175
2482,2060,6176
2483,824,6177
2484,348,6178
2485,1873,6179
2486,2776,6180
2487,2677,6181
2488,843,6182
2489,2797,6183
2490,3093,6184
2491,709,6185
2492,2411,6186
2493,2508,6187
2494,1045,6188
2495,203,6189
2496,409,6190
2497,1716,6191
2498,4111,6192
2499,3668,6193
2500,2725,6194
2501,3141,6195
2502,3230,6196
2503,1284,6197
2505,533,6199
2506,1524,6200
2507,2817,6201
2509,2470,6203
2510,1077,6204
2511,2339,6205
2512,713,6206
2514,574,6208
2515,1059,6209
2516,2838,6210
2517,1457,6211
2518,3074,6212
2519,3734,6213
2520,969,6214
2521,2668,6215
2522,2495,6216
2523,3336,6217
2524,2525,6218
2525,471,6219
2526,376,6220
2527,2544,6221
2528,1228,6222
2530,343,6224
2531,2154,6225
2533,3732,6227
2534,3423,6228
2535,2841,6229
2536,726,6230
2537,2414,6231
2538,2182,6232
2540,2630,6234
2541,2338,6235
2542,1016,6236
2543,1259,6237
2544,2673,6238
2545,1281,6239
2546,464,6240
2547,130,6241
2548,2877,6242
2549,1854,6243
2550,2006,6244
2551,193,6245
2552,297,6246
2553,2180,6247
2554,2247,6248
2556,652,6250
2557,3943,6251
2558,1604,6252
2559,688,6253
2560,3531,6254
2561,2158,6255
2562,1723,6256
2563,2113,6257
2564,134,6258
2565,2710,6259
2566,316,6260
2567,1267,6261
2568,1914,6262
2569,1268,6263
2570,2533,6264
2571,2528,6265
2572,1200,6266
2573,331,6267
2574,1612,6268
2575,1699,6269
2576,2560,6270
2577,572,6271
2578,1887,6272
2579,1424,6273
2580,1135,6274
2581,1923,6275
2582,1587,6276
2583,1639,6277
2584,1841,6278
2585,2709,6279
2586,700,6280
2587,1178,6281
2588,2077,6282
2589,522,6283
2591,101,6285
2592,1582,6286
2593,1882,6287
2594,1364,6288
2595,2448,6289
2596,2740,6290
2597,368,6291
2598,1091,6292
2600,2562,6294
2601,1989,6295
2602,3096,6296
2603,2345,6297
2604,1810,6298
2605,4099,6299
2606,183,6300
2608,294,6302
2609,2741,6303
2610,1125,6304
2611,3015,6305
2612,443,6306
2613,2449,6307
2614,562,6308
2616,2389,6310
2617,1998,6311
2618,2287,6312
2619,2186,6313
2621,1462,6315
2622,3839,6316
2623,1229,6317
2624,59,6318
2625,450,6319
2626,87,6320
2627,648,6321
2628,465,6322
2629,3018,6323
2630,957,6324
2631,1956,6325
2632,2865,6326
2633,2625,6327
2634,3139,6328
2635,1973,6329
2636,2559,6330
2637,1176,6331
2638,3481,6332
2639,3828,6333
2640,4052,6334
2641,2587,6335
2642,1869,6336
2643,1032,6337
2644,897,6338
2645,3261,6339
2646,822,6340
2647,2451,6341
2648,2575,6342
2650,2419,6344
2651,371,6345
2653,47,6347
2654,2413,6348
2655,3309,6349
2656,1800,6350
2657,2591,6351
2658,1467,6352
2659,2777,6353
2660,3452,6354
2661,2354,6355
2662,573,6356
2663,3135,6357
2664,1770,6358
2665,2356,6359
2666,927,6360
2667,114,6361
2668,2475,6362
2669,2840,6363
2670,2426,6364
2671,2066,6365
2672,466,6366
2673,2584,6367
2674,651,6368
2675,641,6369
2676,1937,6370
2677,2445,6371
2678,1638,6372
2679,1104,6373
2680,1592,6374
2681,467,6375
2682,407,6376
2683,1372,6377
2684,1564,6378
2685,3473,6379
2686,1108,6380
2687,305,6381
2688,2707,6382
2689,2214,6383
2690,1838,6384
2691,1848,6385
2692,732,6386
2694,1880,6388
2695,1610,6389
2696,575,6390
2697,1273,6391
2698,1991,6392
2699,318,6393
2700,565,6394
2701,299,6395
2702,1037,6396
2703,2239,6397
2704,143,6398
2705,878,6399
2706,2794,6400
2707,678,6401
2708,1031,6402
2709,945,6403
2710,3830,6404
2711,4053,6405
2712,3294,6406
2713,3221,6407
2714,3081,6408
2715,784,6409
2716,2014,6410
2717,2112,6411
2718,1105,6412
2719,1832,6413
2720,2073,6414
2721,3537,6415
2722,550,6416
2724,1842,6418
2725,2359,6419
2726,4004,6420
2727,933,6421
2728,3248,6422
2729,3774,6423
2730,1481,6424
2731,1881,6425
2733,3408,6427
2734,3292,6428
2735,2423,6429
2737,1642,6431
2738,2866,6432
2739,1805,6433
2740,367,6434
2741,419,6435
2742,2712,6436
2743,3700,6437
2744,3478,6438
2745,3613,6439
2746,1537,6440
2747,332,6441
2749,3238,6443
2750,1824,6444
2751,3959,6445
2752,1551,6446
2753,3146,6447
2754,416,6448
2755,699,6449
2756,411,6450
2757,1859,6451
2758,296,6452
2759,2452,6453
2760,2726,6454
2762,1201,6456
2763,349,6457
2764,4002,6458
2765,1304,6459
2766,1211,6460
2767,3090,6461
2768,1115,6462
2769,279,6463
2770,1120,6464
2771,2747,6465
2773,2806,6467
2774,3113,6468
2775,720,6469
2776,1217,6470
2777,941,6471
2778,2650,6472
2779,3842,6473
2780,4118,6474
2781,1212,6475
2782,2434,6476
2783,2761,6477
2784,2547,6478
2785,2340,6479
2786,3236,6480
2787,2219,6481
2788,2228,6482
2789,1065,6483
2790,21,6484
2792,561,6486
2794,2680,6488
2795,2089,6489
2796,1063,6490
2797,2435,6491
2799,1231,6493
2800,793,6494
2801,2767,6495
2802,942,6496
2803,1727,6497
2804,3331,6498
2805,2639,6499
2806,2352,6500
2807,2611,6501
2808,961,6502
2809,1821,6503
2810,3488,6504
2811,1685,6505
2812,1352,6506
2813,1303,6507
2814,1301,6508
2815,1784,6509
2816,2634,6510
2818,3234,6512
2819,517,6513
2820,2635,6514
2821,1282,6515
2822,2306,6516
2823,2674,6517
2824,199,6518
2825,2447,6519
2826,242,6520
2827,797,6521
2828,4110,6522
2830,1305,6524
2831,2456,6525
2832,3844,6526
2833,2843,6527
2834,954,6528
2835,855,6529
2836,460,6530
2837,1204,6531
2838,798,6532
2839,2366,6533
2840,918,6534
2841,456,6535
2842,537,6536
2843,1183,6537
2844,1751,6538
2845,3526,6539
2846,507,6540
2847,530,6541
2848,2815,6542
2849,3548,6543
2850,1166,6544
2851,546,6545
2852,1532,6546
2853,674,6547
2854,799,6548
2855,2850,6549
2856,823,6550
2857,2608,6551
2858,1813,6552
2859,570,6553
2860,274,6554
2861,2353,6555
2862,3253,6556
2863,249,6557
2864,2251,6558
2865,3231,6559
2866,577,6560
2867,1156,6561
2868,2041,6562
2869,2246,6563
2870,1389,6564
2871,1614,6565
2872,834,6566
2874,2325,6568
2875,1553,6569
2876,655,6570
2877,277,6571
2878,2172,6572
2879,2685,6573
2880,384,6574
2881,2103,6575
2882,529,6576
2883,527,6577
2884,4103,6578
2885,3578,6579
2886,2218,6580
2887,1801,6581
2888,252,6582
2889,2459,6583
2890,802,6584
2891,1602,6585
2892,280,6586
2893,2538,6587
2894,660,6588
2895,521,6589
2896,308,6590
2897,3698,6591
2898,2474,6592
2899,1611,6593
2901,986,6595
2902,2684,6596
2903,434,6597
2904,3407,6598
2905,2681,6599
2906,741,6600
2907,2567,6601
2909,1595,6603
2910,3533,6604
2911,680,6605
2912,3312,6606
2913,3276,6607
2914,2444,6608
2915,415,6609
2916,977,6610
2917,1890,6611
2918,3137,6612
2919,86,6613
2920,866,6614
2921,938,6615
2922,3178,6616
2924,539,6618
2925,2600,6619
2926,1769,6620
2927,692,6621
2928,1232,6622
2929,2852,6623
2930,2351,6624
2931,3820,6625
2932,2312,6626
2933,1771,6627
2934,2441,6628
2935,2654,6629
2936,2380,6630
2937,3467,6631
2938,1046,6632
2939,1222,6633
2940,1903,6634
2941,1387,6635
2942,2193,6636
2943,829,6637
2944,354,6638
2945,2586,6639
2946,3333,6640
2947,1138,6641
2948,1599,6642
2949,979,6644
2950,4117,6645
2951,127,6646
2954,2727,6649
2956,2730,6651
2957,3129,6652
2958,1619,6653
2959,624,6654
2960,1847,6655
2961,1909,6656
2962,5,6657
2963,1001,6658
2964,687,6659
2965,2237,6660
2966,3553,6661
2967,2554,6662
2968,2406,6663
2969,535,6664
2970,2443,6665
2971,202,6666
2972,1520,6667
2973,2003,6668
2974,3639,6669
2975,1910,6670
2976,1519,6671
2977,1167,6672
2978,1275,6673
2979,1349,6674
2980,3758,6675
2981,2252,6676
2982,1390,6677
2983,3226,6678
2984,3232,6679
2985,4033,6680
2986,785,6681
2987,1894,6682
2988,1067,6683
2989,2243,6684
2990,2809,6685
2992,664,6687
2994,528,6689
2995,1300,6690
2996,2535,6691
2997,290,6692
2998,1580,6693
2999,642,6694
3000,363,6695
3001,1600,6696
3002,248,6697
3003,1423,6698
3004,1314,6699
3005,3303,6700
3006,1205,6701
3008,508,6703
3009,1198,6704
3011,1918,6706
3012,1797,6707
3013,1996,6708
3014,1414,6709
3015,2574,6710
3016,1827,6711
3017,372,6712
3018,2102,6713
3019,1350,6714
3020,2765,6715
3021,2716,6716
3022,1225,6717
3023,1857,6718
3024,88,6719
3025,1170,6720
3026,2576,6721
3027,150,6722
3028,1365,6723
3029,4105,6724
3030,924,6725
3031,597,6726
3032,3880,6727
3033,1359,6728
3034,200,6729
3035,2773,6730
3037,1517,6732
3038,91,6733
3039,3142,6734
3040,239,6735
3041,113,6736
3042,702,6737
3043,1545,6738
3045,2174,6740
3046,538,6741
3047,1179,6742
3048,62,6743
3049,510,6744
3050,1635,6745
3051,2455,6746
3052,2583,6747
3053,553,6748
3056,3124,6751
3057,551,6752
3059,1261,6754
3060,2269,6755
3061,2187,6756
3062,2371,6757
3063,321,6758
3064,1328,6759
3065,1306,6760
3066,2593,6761
3067,544,6762
3068,540,6763
3069,1066,6764
3070,1851,6765
3073,2101,6768
3075,227,6770
3076,545,6771
3077,2080,6772
3078,548,6773
3079,2319,6774
3080,2212,6775
3081,786,6776
3082,3259,6777
3083,2399,6778
3084,1302,6779
3085,973,6780
3086,1617,6781
3087,1932,6782
3088,2396,6783
3089,2313,6784
3090,736,6785
3091,1527,6786
3092,2599,6787
3093,558,6788
3094,230,6789
3095,345,6790
3096,146,6791
3097,3790,6792
3098,1795,6793
3099,633,6794
3100,4119,6795
3101,542,6796
3102,1030,6797
3103,960,6798
3104,2250,6799
3105,1979,6800
3106,559,6801
3107,3071,6802
3108,3809,6803
3109,1214,6804
3110,3394,6805
3111,3045,6806
3112,392,6807
3113,119,6808
3114,235,6809
3115,564,6810
3116,3417,6811
3117,1911,6812
3118,4112,6813
3119,801,6814
3120,63,6815
3121,555,6816
3122,2811,6817
3123,3812,6818
3124,102,6819
3125,1985,6820
3126,257,6821
3127,1354,6822
3128,2509,6823
3129,792,6824
3130,3171,6825
3131,1245,6826
3132,3184,6827
3133,1012,6828
3134,3133,6829
3135,1893,6830
3136,410,6831
3137,567,6832
3138,3245,6833
3139,1486,6834
3140,3726,6835
3141,493,6836
3142,1465,6837
3143,3308,6838
3144,2052,6839
3145,771,6840
3146,547,6841
3147,2855,6842
3148,3399,6843
3149,3183,6844
3150,885,6845
3151,810,6846
3152,876,6847
3153,2248,6848
3154,1548,6849
3155,2481,6850
3156,1043,6851
3157,272,6852
3158,4021,6853
3159,890,6854
3160,888,6855
3161,2004,6856
3162,541,6857
3163,157,6858
3164,1240,6859
3165,2661,6860
3166,1836,6861
3167,3956,6862
3168,2084,6863
3169,1482,6864
3170,3677,6865
3171,1112,6866
3173,1213,6868
3174,1370,6869
3175,2539,6870
3176,3975,6871
3177,3520,6872
3178,1474,6873
3179,3274,6874
3180,1916,6875
3181,2097,6876
3182,3609,6877
3183,2183,6878
3184,326,6879
3185,893,6880
3187,1255,6882
3188,3157,6883
3189,2370,6884
3190,1750,6885
3191,837,6886
3192,2781,6887
3193,3535,6888
3194,475,6889
3195,1631,6890
3196,887,6891
3197,1974,6892
3198,552,6893
3199,1437,6894
3200,1469,6895
3201,851,6896
3202,3307,6897
3203,1451,6898
3204,1896,6899
3205,2067,6900
3206,534,6901
3207,3611,6902
3208,4067,6903
3209,4063,6904
3210,3273,6905
3211,2688,6906
3212,2198,6907
3213,3072,6908
3214,776,6909
3215,3014,6910
3216,1789,6911
3217,1452,6912
3218,1601,6913
3219,828,6914
3220,2369,6915
3221,3604,6916
3222,3048,6917
3223,1917,6918
3224,2785,6919
3225,176,6920
3226,39,6921
3227,2874,6922
3228,543,6923
3229,2244,6924
3230,1585,6925
3231,1772,6926
3232,908,6927
3235,403,6930
3236,2590,6931
3237,3031,6932
3238,4108,6933
3239,3759,6934
3240,679,6935
3241,1885,6936
3242,2550,6937
3243,109,6938
3244,3944,6939
3245,3063,6940
3246,3254,6941
3247,2422,6942
3248,3075,6943
3249,3200,6944
3250,2645,6945
3251,2588,6946
3252,2249,6947
3253,3180,6948
3254,2830,6949
3255,1983,6950
3256,778,6951
3257,1322,6952
3258,3483,6953
3259,2494,6954
3260,254,6955
3261,1513,6956
3262,3329,6957
3263,3687,6958
3264,2555,6959
3265,2816,6960
3266,2391,6961
3267,2805,6962
3268,2086,6963
3269,1048,6964
3270,730,6965
3271,3258,6966
3272,2778,6967
3273,2482,6968
3274,668,6969
3275,276,6970
3276,1221,6971
3277,330,6972
3278,2826,6973
3279,3300,6974
3280,1589,6975
3281,881,6976
3282,2088,6977
3283,378,6978
3284,3957,6979
3285,2646,6980
3286,846,6981
3287,1464,6982
3288,1463,6983
3289,2827,6984
3290,882,6985
3291,3482,6986
3292,2379,6987
3293,3062,6988
3294,1062,6989
3295,1788,6990
3296,1052,6991
3297,1473,6992
3298,1468,6993
3299,2531,6994
3300,1761,6995
3301,2552,6996
3302,67,6997
3303,1471,6998
3304,939,6999
3305,2168,7000
3306,1445,7001
3307,2823,7002
3308,80,7003
3309,2581,7004
3310,2460,7005
3311,2769,7006
3312,1861,7007
3313,3644,7008
3314,2232,7009
3315,3210,7010
3316,1461,7011
3317,1325,7012
3318,2377,7013
3319,68,7014
3320,4028,7015
3321,2825,7016
3322,2398,7017
3323,1518,7018
3324,1040,7019
3325,925,7020
3326,1466,7021
3327,1449,7022
3328,2410,7023
3329,2471,7024
3330,2280,7025
3331,2376,7026
3332,2044,7027
3333,1051,7028
3334,3489,7029
3335,3972,7030
3336,2378,7031
3337,2472,7032
3338,2400,7033
3339,1815,7034
3340,2473,7035
3341,3542,7036
3342,2446,7037
3343,3069,7038
3344,1296,7039
3345,197,7040
3346,1977,7041
3347,661,7042
3348,259,7043
3349,813,7044
3350,1118,7045
3351,4106,7046
3352,3864,7047
3353,2949,7048
3354,579,7049
3355,1543,7050
3356,495,7051
3357,3008,7052
3358,2042,7053
3359,3126,7054
3360,1980,7055
3361,2349,7056
3362,1822,7057
3363,2974,7058
3364,817,7059
3365,2810,7060
3366,2223,7061
3367,2959,7062
3368,1546,7063
3369,2977,7064
3370,3306,7065
3371,1358,7066
3373,1455,7068
3374,4304,7069
3375,2987,7070
3376,2958,7071
3377,2580,7072
3378,760,7073
3379,1559,7074
3381,3991,7076
3382,2967,7077
3383,2960,7078
3384,436,7079
3385,1450,7080
3386,774,7081
3387,1472,7082
3388,1327,7083
3389,1798,7084
3391,3966,7086
3392,2966,7087
3393,2968,7088
3395,1868,7090
3396,2975,7091
3397,2954,7092
3398,2973,7093
3399,35,7094
3400,281,7095
3401,583,7096
3402,2807,7097
3403,2965,7098
3404,1236,7099
3405,2971,7100
3406,3302,7101
3407,1279,7102
3408,783,7103
3409,1470,7104
3410,2997,7105
3411,731,7106
3412,4116,7107
3413,777,7108
3414,2998,7109
3415,139,7110
3416,385,7111
3417,2878,7112
3418,2548,7113
3419,515,7114
3420,4815,7115
3421,2643,7116
3422,2433,7117
3423,994,7118
3424,2989,7119
3425,4429,7120
3426,4430,7121
3427,4431,7122
3428,4432,7123
3429,4433,7124
3430,4434,7125
3431,1901,7126
3432,2994,7127
3433,4190,7128
3434,4191,7129
3435,4192,7130
3436,4193,7131
3437,4194,7132
3438,2236,7133
3439,1123,7134
3440,1010,7135
3441,4196,7136
3442,4197,7137
3443,4198,7138
3444,4199,7139
3445,4200,7140
3446,4201,7141
3447,4202,7142
3448,4203,7143
3449,4205,7144
3450,2990,7145
3451,4207,7146
3452,4208,7147
3453,4209,7148
3454,4210,7149
3455,4211,7150
3456,4212,7151
3457,4213,7152
3458,4214,7153
3459,4215,7154
3460,2995,7155
3461,4120,7156
3462,4122,7157
3463,4123,7158
3464,4124,7159
3465,4125,7160
3466,4133,7161
3467,4135,7162
3468,4137,7163
3469,4140,7164
3470,4141,7165
3471,4142,7166
3472,4143,7167
3473,4144,7168
3474,4145,7169
3475,4146,7170
3476,4147,7171
3477,4148,7172
3478,4149,7173
3479,4151,7174
3480,4152,7175
3481,4150,7176
3482,4020,7177
3483,4153,7178
3484,4156,7179
3485,4157,7180
3486,4159,7181
3487,4160,7182
3488,4161,7183
3489,4162,7184
3490,4163,7185
3491,4217,7186
3492,4219,7187
3493,4164,7188
3494,4165,7189
3495,4166,7190
3496,4167,7191
3497,4168,7192
3498,4169,7193
3499,4170,7194
3500,4171,7195
3501,4172,7196
3502,4173,7197
3503,4174,7198
3504,4175,7199
3505,4176,7200
3506,4177,7201
3507,4178,7202
3508,4179,7203
3509,4180,7204
3510,4181,7205
3511,4182,7206
3512,4183,7207
3513,4184,7208
3514,4185,7209
3515,4227,7210
3516,4228,7211
3517,4232,7212
3518,4233,7213
3519,4234,7214
3520,4247,7215
3521,4248,7216
3522,4249,7217
3523,4250,7218
3524,4251,7219
3525,4252,7220
3526,4253,7221
3527,4256,7222
3528,4259,7223
3529,4260,7224
3530,4261,7225
3531,4262,7226
3532,4264,7227
3533,4265,7228
3534,4266,7229
3535,4268,7230
3536,4269,7231
3537,4273,7232
3538,4274,7233
3539,4275,7234
3540,4278,7235
3541,4280,7236
3542,4281,7237
3543,4282,7238
3544,4283,7239
3545,4285,7240
3546,4288,7241
3547,4290,7242
3548,4292,7243
3549,4293,7244
3551,4296,7246
3552,4298,7247
3553,4299,7248
3554,4300,7249
3555,4301,7250
3556,4302,7251
3557,4303,7252
3558,4305,7253
3559,4308,7254
3560,4309,7255
3561,4310,7256
3562,4311,7257
3563,4312,7258
3564,4314,7259
3566,4316,7261
3567,4317,7262
3568,4318,7263
3569,4319,7264
3571,4321,7266
3572,4322,7267
3573,4323,7268
3574,4324,7269
3575,4325,7270
3576,4326,7271
3577,4327,7272
3578,4328,7273
3579,4329,7274
3580,4330,7275
3581,4331,7276
3582,4625,7277
3583,4626,7278
3584,4627,7279
3585,4332,7280
3586,4333,7281
3587,4334,7282
3588,4335,7283
3589,4336,7284
3590,4337,7285
3591,4338,7286
3592,4339,7287
3593,4340,7288
3594,4341,7289
3595,4342,7290
3596,4343,7291
3597,4344,7292
3598,4345,7293
3599,4347,7294
3600,4348,7295
3601,4349,7296
3602,4350,7297
3604,4352,7299
3605,4353,7300
3606,4354,7301
3607,4355,7302
3608,4356,7303
3609,4357,7304
3610,4358,7305
3611,4359,7306
3612,4360,7307
3613,4361,7308
3614,4362,7309
3615,4363,7310
3617,4365,7312
3618,4366,7313
3620,4368,7315
3621,4369,7316
3622,4370,7317
3623,4371,7318
3624,4372,7319
3625,4373,7320
3626,4374,7321
3627,4375,7322
3628,4376,7323
3629,4377,7324
3630,4378,7325
3631,4379,7326
3632,4380,7327
3633,4381,7328
3634,4382,7329
3635,4383,7330
3636,4384,7331
3637,4385,7332
3639,4387,7334
3641,4390,7336
3642,4391,7337
3643,4392,7338
3644,4393,7339
3645,4394,7340
3646,4395,7341
3647,4396,7342
3648,4397,7343
3649,4398,7344
3650,4399,7345
3651,4400,7346
3652,4401,7347
3653,4402,7348
3654,4403,7349
3655,4404,7350
3656,4405,7351
3658,4407,7353
3659,4408,7354
3660,4409,7355
3661,4410,7356
3662,4411,7357
3663,4412,7358
3664,4413,7359
3665,4414,7360
3666,4415,7361
3667,4416,7362
3668,4417,7363
3669,4418,7364
3670,4419,7365
3671,4420,7366
3672,4421,7367
3673,4422,7368
3674,4423,7369
3675,4424,7370
3676,4426,7371
3677,4425,7372
3678,4427,7373
3679,4435,7374
3680,4436,7375
3681,4437,7376
3682,4438,7377
3683,4439,7378
3684,4440,7379
3685,4441,7380
3686,4444,7381
3687,4446,7382
3688,4449,7383
3689,4450,7384
3690,4451,7385
3691,4452,7386
3692,4454,7387
3693,4455,7388
3694,4456,7389
3695,4457,7390
3696,4459,7391
3697,4460,7392
3698,4463,7393
3699,4464,7394
3700,4465,7395
3701,4466,7396
3702,4467,7397
3703,4468,7398
3705,4470,7400
3706,4471,7401
3707,4472,7402
3708,4473,7403
3709,4476,7404
3710,4477,7405
3711,4478,7406
3712,4479,7407
3713,4482,7408
3714,4483,7409
3715,4484,7410
3716,4485,7411
3717,4486,7412
3718,4487,7413
3720,4491,7415
3721,4493,7416
3722,4494,7417
3723,4495,7418
3724,4496,7419
3725,4497,7420
3726,4500,7421
3727,4501,7422
3728,4502,7423
3729,4503,7424
3730,4504,7425
3731,4505,7426
3733,4507,7428
3734,4508,7429
3736,4513,7431
3737,4516,7432
3738,4517,7433
3739,4514,7434
3740,4515,7435
3741,4518,7436
3742,4519,7437
3743,4520,7438
3744,4521,7439
3745,4522,7440
3746,4523,7441
3747,4524,7442
3748,4526,7443
3749,4528,7444
3750,4529,7445
3751,4530,7446
3752,4531,7447
3753,4532,7448
3754,4533,7449
3755,4534,7450
3756,4535,7451
3757,4536,7452
3758,4537,7453
3759,4538,7454
3760,4539,7455
3761,4540,7456
3762,4541,7457
3763,4542,7458
3764,4543,7459
3765,4544,7460
3766,4545,7461
3767,4546,7462
3768,4547,7463
3769,4548,7464
3771,4550,7466
3772,4551,7467
3774,4553,7469
3775,4554,7470
3778,4557,7473
3779,4558,7474
3780,4559,7475
3781,4560,7476
3783,4562,7478
3784,4563,7479
3785,4564,7480
3786,4565,7481
3787,4566,7482
3788,4567,7483
3789,4568,7484
3790,4569,7485
3791,4570,7486
3792,4571,7487
3793,4572,7488
3794,4573,7489
3795,4574,7490
3796,4575,7491
3797,4576,7492
3798,4577,7493
3799,4578,7494
3800,4579,7495
3801,4580,7496
3802,4581,7497
3803,4582,7498
3804,4583,7499
3805,4207,3848
3806,4512,3848
3807,4590,3848
3808,4832,3849
3809,4833,3850
3810,4834,3851
3811,4835,3852
3812,4838,3853
3813,4829,3854
3814,4830,3855
3815,4831,3856
3816,4824,3857
3817,4825,3858
3818,4827,3859
3819,4828,3860
3820,4822,3861
3821,4823,3862
3822,4818,3863
3823,4819,3864
3824,3203,3865
3825,4820,3866
3826,4817,3867
3827,4813,3868
3828,4814,3869
3829,4816,3870
3830,4806,3871
3831,4807,3872
3832,4808,3873
3833,4809,3874
3834,4810,3875
3835,4811,3876
3836,4812,3877
3837,4805,3878
3838,4779,3879
3839,4780,3880
3840,4781,3881
3841,4782,3882
3842,4783,3883
3843,4784,3884
3844,4785,3885
3845,4786,3886
3846,4787,3887
3847,4788,3888
3848,4755,3889
3849,4756,3890
3850,4757,3891
3851,4758,3892
3852,4759,3893
3853,4760,3894
3854,4761,3895
3855,4745,3896
3856,4746,3897
3857,4748,3898
3858,4749,3899
3859,4750,3900
3860,4751,3901
3861,4752,3902
3862,4753,3903
3863,4584,7500
3864,4585,7501
3865,4586,7502
3866,4587,7503
3867,4588,7504
3868,4589,7505
3869,4590,7506
3871,4592,7508
3872,4593,7509
3873,4594,7510
3874,4595,7511
3875,4596,7512
3876,4597,7513
3877,4598,7514
3879,4600,7516
3880,4601,7517
3881,4603,7518
3882,4604,7519
3883,4605,7520
3884,4606,7521
3885,4607,7522
3886,4608,7523
3887,4609,7524
3888,4610,7525
3889,4611,7526
3890,4612,7527
3891,4613,7528
3892,4614,7529
3893,4615,7530
3894,4616,7531
3895,4617,7532
3896,4618,7533
3897,4619,7534
3898,4621,7535
3899,4622,7536
3900,4623,7537
3901,4628,7538
3902,4629,7539
3903,4631,7540
3904,4633,7541
3905,4634,7542
3906,4635,7543
3907,4636,7544
3908,4637,7545
3909,4648,7546
3910,4649,7547
3911,4650,7548
3912,4638,7549
3913,4639,7550
3914,4640,7551
3915,4641,7552
3916,4642,7553
3918,4644,7555
3919,4645,7556
3920,4646,7557
3921,4647,7558
3922,4652,7559
3923,4653,7560
3924,4664,7561
3925,4665,7562
3926,4666,7563
3927,4667,7564
3928,4668,7565
3930,4670,7567
3931,4671,7568
3932,4672,7569
3933,4673,7570
3934,4674,7571
3935,4675,7572
3936,4676,7573
3937,4677,7574
3938,4678,7575
3939,4679,7576
3940,4680,7577
3941,4681,7578
3942,4682,7579
3943,4683,7580
3944,4684,7581
3945,4685,7582
3946,4686,7583
3947,4687,7584
3948,4688,7585
3949,4689,7586
3950,4690,7587
3951,4691,7588
3952,4692,7589
3953,4693,7590
3954,4694,7591
3955,4695,7592
3956,4696,7593
3957,4697,7594
3958,4698,7595
3959,4699,7596
3960,4700,7597
3962,4702,7599
3963,4703,7600
3964,4704,7601
3965,4705,7602
3966,4706,7603
3967,4707,7604
3968,4708,7605
3969,4709,7606
3970,4713,7607
3971,4714,7608
3972,4715,7609
3973,4716,7610
3974,4717,7611
3975,4710,7612
3976,4711,7613
3977,4712,7614
3978,4718,7615
3979,4719,7616
3981,4721,7618
3982,4722,7619
3983,4723,7620
3984,4724,7621
3985,4725,7622
3986,4726,7623
3987,4727,7624
3988,4728,7625
3989,4737,7626
3990,4738,7627
3991,4739,7628
3993,4729,7630
3994,4730,7631
3995,4731,7632
3996,4732,7633
3997,4733,7634
3998,4734,7635
3999,4735,7636
4000,4736,7637
4001,4741,7638
4002,4742,7639
4003,4743,7640
4004,4744,7641
4005,4747,7642
4006,4762,7643
4007,4763,7644
4008,4764,7645
4010,4767,7647
4011,4768,7648
4012,4769,7649
4013,4770,7650
4014,4771,7651
4015,4772,7652
4016,4773,7653
4017,4774,7654
4018,4775,7655
4019,4776,7656
4020,4777,7657
4021,4778,7658
4022,4789,7659
4023,4790,7660
4025,4799,7662
4026,4800,7663
4027,4801,7664
4028,4802,7665
4029,4803,7666
4031,4793,7668
4032,4794,7669
4033,4795,7670
4034,4796,7671
4035,4797,7672
4037,4804,7674
4038,4821,7675
4039,4826,7676
4040,4836,7677
4041,4837,7678
4042,4841,7679
4043,4842,7680
4044,4839,7681
4045,4840,7682
4046,4843,7683
4047,4844,7684
4048,4845,7685
4049,4846,7686
4050,4847,7687
4051,4848,7688
4052,4849,7689
4054,4851,7691
4055,4852,7692
4056,4853,7693
4057,4854,7694
4058,4855,7695
4059,4856,7696
4060,4857,7697
4061,4277,7698
4062,4491,7698
4063,4261,7698
4064,4528,7698
4065,4538,7698
4066,4539,7698
4067,4540,7698
4068,4541,7698
4069,4542,7698
4070,4543,7698
4071,4544,7698
4072,4545,7698
4073,4709,7698
4074,4510,7699
4075,4257,7700
4076,4527,7701
4077,4287,7702
4078,2034,7703
4079,3514,7704
4080,1081,7705
4081,132,7706
4082,2134,7707
4083,1904,7707
4084,989,7708
4085,489,7707
4086,392,7708
4087,230,7708
4088,2152,7707
4089,2376,7707
4090,2377,7707
4091,3534,7708
4092,254,7710
4093,4172,7710
4094,589,7710
4095,668,7710
4096,4143,7710
4097,799,7710
4098,824,7707
4099,1240,7710
4100,1247,7707
4101,1437,7710
4102,1513,7710
4103,1527,7710
4104,1869,7707
4105,1890,7710
4106,1893,7710
4107,1909,7710
4108,2017,7707
4109,2095,7707
4110,3483,7710
4111,2267,7707
4112,2391,7710
4113,2422,7710
4114,4173,7710
4115,2846,7710
4116,2581,7710
4117,2378,7707
4118,621,7711
4119,647,7709
4120,647,7712
4121,659,7713
4122,663,7709
4123,4176,7709
4124,114,7709
4125,136,7709
4126,2620,7709
4127,176,7709
4128,183,7709
4129,4298,7709
4130,230,7709
4131,242,7709
4132,254,7709
4133,4225,7709
4134,4172,7709
4135,391,7709
4136,403,7709
4137,419,7709
4138,434,7709
4139,437,7709
4140,466,7709
4141,489,7709
4142,594,7709
4143,607,7709
4144,668,7709
4145,703,7709
4146,711,7709
4147,723,7709
4148,726,7709
4149,760,7709
4150,780,7709
4151,782,7709
4152,4143,7709
4153,799,7709
4154,824,7709
4155,852,7709
4156,888,7709
4157,897,7709
4158,926,7709
4159,939,7709
4160,954,7709
4161,960,7709
4162,4112,7709
4163,989,7709
4164,995,7709
4165,1032,7709
4166,1048,7709
4167,1053,7709
4168,1057,7709
4169,4855,7709
4170,4857,7709
4171,1087,7709
4172,3944,7709
4173,1115,7709
4174,1122,7709
4175,1140,7709
4176,1142,7709
4177,1164,7709
4178,1218,7709
4179,1223,7709
4181,1240,7709
4182,1282,7709
4183,1343,7709
4184,1353,7709
4185,4189,7709
4186,1423,7709
4187,1437,7709
4188,1482,7709
4189,1505,7709
4190,1506,7709
4191,1511,7709
4192,1513,7709
4193,1523,7709
4194,1527,7709
4195,1547,7709
4196,1572,7709
4197,1579,7709
4198,1610,7709
4199,1635,7709
4200,1659,7709
4201,1728,7709
4202,1764,7709
4203,1802,7709
4204,1805,7709
4205,1816,7709
4206,1836,7709
4207,1886,7709
4208,1890,7709
4209,1893,7709
4210,1904,7709
4211,1909,7709
4212,1922,7709
4213,1937,7709
4214,1962,7709
4215,1992,7709
4216,2029,7709
4217,2044,7709
4218,2105,7709
4219,2172,7709
4220,2241,7709
4221,2266,7709
4222,2279,7709
4223,2337,7709
4224,2346,7709
4225,2359,7709
4226,2376,7709
4227,4174,7709
4228,2391,7709
4229,4182,7709
4230,2419,7709
4231,2422,7709
4232,2441,7709
4233,2445,7709
4234,2446,7709
4235,2491,7709
4236,2552,7709
4237,2553,7709
4238,2561,7709
4239,2562,7709
4240,4173,7709
4241,2611,7709
4242,4184,7709
4243,2657,7709
4244,3609,7709
4245,4713,7709
4246,2705,7709
4247,2711,7709
4248,2717,7709
4249,2729,7709
4250,2755,7709
4251,2813,7709
4252,2815,7709
4253,2823,7709
4254,2825,7709
4255,2827,7709
4256,2870,7709
4257,2872,7709
4258,1230,7713
4259,1794,7713
4260,2266,7713
4261,2480,7713
4262,489,7714
4263,2134,7714
4264,2267,7714
4265,2377,7714
4266,2620,7715
4267,356,7715
4268,463,7715
4269,701,7715
4270,722,7715
4271,751,7715
4272,773,7715
4273,972,7715
4274,1057,7715
4275,4855,7715
4276,4857,7715
4277,1223,7715
4278,1230,7715
4279,1579,7715
4280,1794,7715
4281,1816,7715
4282,1982,7715
4283,2172,7715
4284,2303,7715
4285,2402,7715
4286,2403,7715
4287,2639,7715
4288,2683,7715
4289,2740,7715
4290,4820,7715
4291,2480,7715
4292,2382,7715
4293,3521,7715
4294,2355,7715
4295,4746,7715
4296,4224,7715
4297,399,7715
4298,435,7712
4299,723,7712
4300,799,7712
4301,1209,7712
4302,1752,7712
4303,2068,7712
4304,2346,7712
4305,2391,7712
4306,2480,7712
4307,2597,7712
4308,2637,7712
4309,3609,7712
4310,2637,7711
4311,180,7711
4312,191,7711
4313,242,7711
4314,256,7711
4315,484,7711
4316,522,7711
4317,607,7711
4318,616,7711
4319,701,7711
4320,725,7711
4321,812,7711
4322,842,7711
4323,956,7711
4324,960,7711
4325,972,7711
4326,1176,7711
4327,1209,7711
4328,1212,7711
4329,1230,7711
4330,1282,7711
4331,1353,7711
4332,3294,7711
4333,1427,7711
4334,1634,7711
4335,1732,7711
4336,1786,7711
4337,1794,7711
4338,1816,7711
4339,1890,7711
4340,1971,7711
4341,2068,7711
4342,2113,7711
4343,2172,7711
4344,2193,7711
4345,2266,7711
4346,2270,7711
4347,2286,7711
4348,2303,7711
4349,2320,7711
4350,2389,7711
4351,2561,7711
4352,2609,7711
4353,4061,7711
4354,2705,7711
4355,2711,7711
4356,2758,7711
4357,2813,7711
4358,4806,7711
4359,2877,7711
4360,589,7718
4361,799,7718
4362,1187,7718
4363,1230,7718
4364,1285,7718
4365,2480,7718
4366,2657,7718
4367,391,7717
4368,509,7717
4369,644,7717
4370,663,7717
4371,682,7717
4372,701,7717
4373,708,7717
4374,852,7717
4375,1053,7717
4376,1055,7717
4377,1115,7717
4378,1247,7717
4379,1421,7717
4380,1427,7717
4381,1547,7717
4382,1758,7717
4383,1825,7717
4384,1893,7717
4385,1933,7717
4386,1990,7717
4387,2054,7717
4388,2090,7717
4389,2134,7717
4390,2152,7717
4391,2279,7717
4392,2350,7717
4393,2480,7717
4394,2758,7717
4395,2846,7717
4396,489,7719
4397,1247,7719
4398,2152,7719
4399,2377,7719
4400,480,7721
4401,799,7721
4402,1184,7721
4403,26,7721
4404,1285,7721
4405,1909,7721
4406,2500,7721
4407,2696,7721
4408,48,7720
4409,568,7720
4410,622,7720
4411,782,7720
4412,1115,7720
4413,1209,7720
4414,1247,7720
4415,1299,7720
4416,1300,7720
4417,1301,7720
4418,1314,7720
4419,1523,7720
4420,1610,7720
4421,1836,7720
4422,1886,7720
4423,4749,7720
4424,2152,7720
4425,2210,7720
4426,2500,7720
4427,2561,7720
4428,2696,7720
4429,2708,7720
4430,2755,7720
4431,2846,7720
4432,2847,7720
4433,2855,7720
4434,230,7722
4435,489,7722
4436,1247,7722
4437,2134,7722
4438,2152,7722
4439,2267,7722
4440,2377,7722
4441,2378,7722
4442,2428,7722
4443,489,7725
4444,1247,7725
4445,1904,7725
4446,2134,7725
4447,2152,7725
4448,2267,7725
4449,2377,7725
4450,2638,7724
4451,435,7723
4452,758,7723
4453,989,7723
4454,1482,7723
4455,1523,7723
4456,1728,7723
4457,2286,7723
4458,2302,7723
4459,2429,7723
4460,4176,7727
4461,1285,7727
4462,2391,7727
4463,2480,7727
4464,928,7730
4465,176,7726
4466,4801,7726
4467,4628,7726
4468,2044,7726
4469,2179,7726
4470,2366,7726
4471,4807,7726
4472,2405,7726
4473,2722,7726
4474,2873,7726
4475,2620,7729
4476,773,7729
4477,1009,7729
4478,1493,7729
4479,1497,7729
4480,2439,7729
4481,489,7728
4482,1247,7728
4483,2134,7728
4484,2152,7728
4485,2267,7728
4486,2377,7728
4487,2378,7728
4488,2428,7728
4489,1556,7732
4490,30,7732
4491,2715,7732
4492,835,7734
4493,1421,7734
4494,184,7733
4495,4189,7733
4496,2095,7733
4497,2134,7733
4498,2377,7733
4499,2428,7733
4500,4176,7735
4501,4318,7735
4502,176,7735
4503,257,7735
4504,276,7735
4505,4172,7735
4506,4359,7735
4507,4715,7735
4508,4758,7735
4509,4483,7735
4510,522,7735
4511,668,7735
4512,4187,7735
4513,760,7735
4514,4143,7735
4515,824,7735
4516,924,7735
4517,4112,7735
4518,4628,7735
4519,1048,7735
4520,1423,7735
4521,1513,7735
4522,4228,7735
4523,1527,7735
4524,1548,7735
4525,4721,7735
4526,1665,7735
4527,1805,7735
4528,1893,7735
4529,1909,7735
4530,1932,7735
4531,4716,7735
4532,2279,7735
4533,2303,7735
4534,2346,7735
4535,4523,7735
4536,2359,7735
4537,4654,7735
4538,2370,7735
4539,2391,7735
4540,2422,7735
4541,4812,7735
4542,2544,7735
4543,2552,7735
4544,2561,7735
4545,4173,7735
4547,4178,7735
4548,4185,7735
4549,2815,7735
4550,4318,7737
4551,119,7737
4552,4337,7737
4553,176,7737
4554,4298,7737
4555,4829,7737
4556,257,7737
4557,302,7737
4558,4172,7737
4559,4359,7737
4560,4758,7737
4561,4483,7737
4562,522,7737
4563,581,7737
4564,645,7737
4565,659,7737
4566,682,7737
4567,726,7737
4568,4187,7737
4569,760,7737
4570,776,7737
4571,4801,7737
4572,4304,7737
4573,786,7737
4574,814,7737
4575,824,7737
4576,882,7737
4577,897,7737
4578,939,7737
4579,4805,7737
4580,960,7737
4581,1048,7737
4582,1057,7737
4583,1112,7737
4584,3944,7737
4585,1118,7737
4586,1170,7737
4587,1240,7737
4588,1388,7737
4589,1414,7737
4590,1423,7737
4591,4183,7737
4592,1437,7737
4593,1482,7737
4594,3972,7737
4595,1548,7737
4596,3317,7737
4597,4175,7737
4598,1605,7737
4599,1612,7737
4600,1635,7737
4601,1751,7737
4602,4382,7737
4603,1819,7737
4604,1845,7737
4605,1865,7737
4606,1893,7737
4607,1909,7737
4608,1932,7737
4609,4677,7737
4610,1992,7737
4611,2044,7737
4612,4137,7737
4613,4118,7737
4614,4746,7737
4615,4716,7737
4616,2239,7737
4617,3502,7737
4618,2346,7737
4619,4523,7737
4620,2358,7737
4621,2359,7737
4622,2377,7737
4623,2379,7737
4624,4807,7737
4625,2389,7737
4626,2391,7737
4627,4182,7737
4628,4119,7737
4629,2422,7737
4630,4114,7737
4631,4151,7737
4632,4812,7737
4633,2446,7737
4634,2448,7737
4635,4811,7737
4636,2552,7737
4637,4173,7737
4638,4161,7737
4639,2590,7737
4640,4110,7737
4641,4633,7737
4642,4185,7737
4643,2815,7737
4644,2823,7737
4645,2825,7737
4646,4227,7737
4647,489,7736
4648,824,7736
4649,1247,7736
4650,1890,7736
4651,2134,7736
4652,2152,7736
4653,4209,7736
4654,2267,7736
4655,2377,7736
4656,2592,7736
4657,3609,7736
4658,2717,7736
4659,2823,7736
4660,4864,7737
4661,4801,7738
4662,4399,7738
4663,4118,7738
4664,4812,7738
4665,4173,7738
4666,4634,7738
4667,257,7739
4668,392,7739
4669,1125,7739
4670,1170,7739
4671,1229,7739
4672,1482,7739
4673,1751,7739
4674,1886,7739
4676,2214,7739
4677,2239,7739
4678,2366,7739
4679,2377,7739
4680,2406,7739
4681,4812,7739
4682,2445,7739
4683,2708,7739
4684,2806,7739
4685,785,7709
4686,4162,7753
4687,1055,7753
4688,1547,7753
4689,1990,7753
4690,2054,7753
4691,2350,7753
4692,4867,7753
4694,3961,7753
4695,732,7710
4696,244,7754
4697,2270,7754
4698,209,7754
4699,2464,7754
4700,4115,7754
4701,951,7754
4702,245,7754
4703,1209,7754
4704,2609,7754
4705,1053,7754
4706,663,7754
4707,2346,7754
4708,926,7754
4709,2537,7754
4710,342,7754
4711,2637,7754
4712,2337,7754
4713,1412,7754
4714,2466,7754
4715,2877,7754
4716,2709,7754
4717,2865,7754
4718,3294,7754
4719,1805,7754
4720,1211,7754
4721,942,7754
4722,249,7754
4723,2172,7754
4724,660,7754
4725,3312,7754
4726,2600,7754
4727,1350,7754
4728,1617,7754
4729,1932,7754
4730,4112,7754
4731,1601,7754
4732,176,7754
4733,4137,7754
4734,4178,7754
4735,4185,7754
4736,4523,7754
4737,228,7755
4738,1576,7755
4739,1992,7755
4740,1187,7755
4741,1728,7755
4742,1329,7755
4743,621,7755
4744,607,7755
4745,3931,7755
4746,722,7755
4747,659,7755
4748,2090,7755
4749,2291,7755
4750,1239,7755
4751,2846,7755
4752,1981,7755
4753,1569,7755
4754,179,7755
4755,2717,7755
4756,1353,7755
4757,966,7755
4758,1286,7755
4759,115,7755
4760,2544,7755
4761,1854,7755
4762,1176,7755
4763,945,7755
4764,2359,7755
4765,4118,7755
4766,2459,7755
4767,4119,7755
4768,1548,7755
4769,2422,7755
4770,1048,7755
4771,668,7755
4772,276,7755
4773,2581,7755
4774,2967,7755
4775,4116,7755
4776,4167,7755
4777,4171,7755
4778,4181,7755
4779,4183,7755
4780,4329,7755
4781,4379,7755
4782,4741,7755
4783,129,7715
4784,4523,7709
4785,4176,7756
4786,176,7756
4787,568,7756
4788,607,7756
4789,621,7756
4790,645,7756
4791,682,7756
4792,701,7756
4793,722,7756
4794,784,7756
4795,812,7756
4796,916,7756
4797,4112,7756
4798,972,7756
4799,1353,7756
4800,1427,7756
4801,1497,7756
4802,1527,7756
4803,4374,7756
4804,1728,7756
4805,4382,7756
4806,1909,7756
4807,1932,7756
4808,4523,7756
4809,2436,7756
4810,2657,7756
4811,2715,7756
4812,1042,7709
4813,153,7740
23136,4820,7709
23137,2357,7715
23138,2357,7711
23139,4119,7709
23140,2714,7720
23141,4882,9696
23143,2658,7721
23144,1571,7709
23145,1571,7754
23146,2873,7709
32977,2206,7740
35526,99,7715
